Actie;Actie omschrijving;Beleidsitem;Beleidsitem omschrijving;Ontvangst/uitgave;Algemene rekening;Algemene rekening omschrijving;Investeringsenveloppe;Krediet 2016;Rekening 2015;Vorderingstaten 2016 tot nu;Nog te innen;Verschil 2016 - (2015);Verschil % 2016-2015;;Bijkomend BW 1-2016;Krediet na BW 1-2016;Opmerkingen;invloed MJP
1.1.1.5;Organiseren van jaarlijkse PC-lessen;0703-00;Openbare bibliotheken;O;7010003;Toegangsgelden;IE-GEEN; € 500,00 ; € 500,00 ; € 640,00 ; € -140,00 ;140;28,00 %;; € 500,00 ; € 1.000,00 ;meerinkomsten nav bijkomende lessenreeks;
1.1.1.6;Opvolgen van digitale ontwikkelingen en uitbouw van de digitale uitleen voor de bibliotheek;0703-00;Openbare bibliotheken;O;7020999;Opbrengsten uit andere prestaties;IE-GEEN; € 100,00 ; € 30,00 ; € -   ; € 100,00 ;-30;-100,00 %;;;;;
1.2.3.1;In gebruik nemen van het nieuw gemeentehuis;0119-00;Overige algemene diensten;O;2210100;Gebouwen - administratieve gebouwen - gemeenschapsgoederen;IE1; € 1.750.000,00 ; € -   ; € -   ; € 1.750.000,00 ;0;-;;;;;
1.2.5.1;Stimuleren van vorming en opleiding;0800-00;Gewoon basisonderwijs;O;7405999;Overige werkingstoelage aangaande personeelsaangelegenheden;IE-GEEN; € -   ; € 75,00 ; € -   ; € -   ;-75;-100,00 %;;;;;
2.2.2.4;Organiseren van een sport- en cultuurdag voor jonge gezinnen;0701-00;Cultuurcentrum;O;7010003;Toegangsgelden;IE-GEEN; € -   ; € -   ; € 1.918,00 ; € -1.918,00 ;1918;-;; € 1.918,00 ; € 1.918,00 ;afrekening Qukeleku 2015;idem
2.2.2.6;Jaarlijks organiseren van diverse sportkampen voor schoolgaande jeugd;0740-00;Sport;O;7005002;Opbrengsten uit bar/cafetaria;IE-GEEN; € 800,00 ; € 920,40 ; € -   ; € 800,00 ;-920,4;-100,00 %;;;;;
2.2.2.7;Organiseren van kampen tijdens de vakantieperiodes;0750-00;Jeugd;O;7406999;Overige specifieke projectsubsidies;IE-GEEN; € 1.000,00 ; € 791,86 ; € 1.000,00 ; € -   ;208,14;26,28 %;;;;;
2.2.2.8;Organiseren van activiteiten voor kinderen en jongeren, met aandacht voor jeugdcultuur;0750-00;Jeugd;O;7010002;Inschrijvingsgelden;IE-GEEN; € -   ; € 1.605,40 ; € -   ; € -   ;-1605,4;-100,00 %;;;;;
2.2.3.6;Aandacht hebben voor gemeenschapsvorming binnen het lokaal cultuurbeleid;0701-00;Cultuurcentrum;O;7005002;Opbrengsten uit bar/cafetaria;IE-GEEN; € -   ; € -   ; € -   ; € -   ;0;-;;;;;
2.2.3.6;Aandacht hebben voor gemeenschapsvorming binnen het lokaal cultuurbeleid;0701-00;Cultuurcentrum;O;7010002;Inschrijvingsgelden;IE-GEEN; € -   ; € -   ; € -   ; € -   ;0;-;;;;;
2.2.3.6;Aandacht hebben voor gemeenschapsvorming binnen het lokaal cultuurbeleid;0701-00;Cultuurcentrum;O;7470000;Werknemersinhouding maaltijdcheques;IE-GEEN; € 500,00 ; € 585,33 ; € 381,50 ; € 118,50 ;-203,83;-34,82 %;;;;;
3.1.1.6;Ondersteunen van de realisatie van ‘Bruulverkaveling’ – 3de fase;0620-00;Grondbeleid voor wonen;O;2200000;Onbebouwde terreinen - gemeenschapsgoederen;IE2; € -   ; € -   ; € -   ; € -   ;0;-;;;;;
3.1.3.1;Onderzoeken van de mogelijkheden inzake nieuwe samenwoonvormen;0629-00;Overig woonbeleid;O;7406999;Overige specifieke projectsubsidies;IE-GEEN; € -   ; € -   ; € -   ; € -   ;0;-;;;;;
3.2.1.1;Aanleggen van een hoofdfietsroute Leuven-Tienen, aandeel Bierbeek;0200-00;Wegen;O;1500000;Investeringssubsidies en -schenkingen in kapitaal met vordering op korte termijn;IE3; € -   ; € -   ; € -   ; € -   ;0;-;;;;;
3.2.1.2;Aanleg van fietspaden langs de Tiensesteenweg tussen de Kerselaarlaan en de grens met Boutersem;0200-00;Wegen;O;1500000;Investeringssubsidies en -schenkingen in kapitaal met vordering op korte termijn;IE3; € -   ; € -   ; € -   ; € -   ;0;-;;;;;
3.2.1.3;Aanleg van fietspaden langs de Pellenbergstraat;0200-00;Wegen;O;1500000;Investeringssubsidies en -schenkingen in kapitaal met vordering op korte termijn;IE3; € 241.883,64 ; € -   ; € -   ; € 241.883,64 ;0;-;;;;;
3.2.1.4;Aanleg van fietspaden langs de Lovenjoelsestraat tussen de Weterbeekstraat en de Bruulstraat;0200-00;Wegen;O;1500000;Investeringssubsidies en -schenkingen in kapitaal met vordering op korte termijn;IE3; € -   ; € 223.707,57 ; € -   ; € -   ;-223707,57;-100,00 %;;;;;
3.2.1.5;Opstarten en uitvoeren van fietspadendossiers;0200-00;Wegen;O;1500000;Investeringssubsidies en -schenkingen in kapitaal met vordering op korte termijn;IE3; € -   ; € -   ; € -   ; € -   ;0;-;;;;;
3.2.1.7;Heraanleggen van wegen;0200-00;Wegen;O;1500000;Investeringssubsidies en -schenkingen in kapitaal met vordering op korte termijn;IE3; € -   ; € -   ; € -   ; € -   ;0;-;;;;;
3.2.1.7;Heraanleggen van wegen;0310-00;Beheer van regen- en afvalwater;O;1500000;Investeringssubsidies en -schenkingen in kapitaal met vordering op korte termijn;IE3; € 214.744,00 ; € 187.000,00 ; € -   ; € 214.744,00 ;-187000;-100,00 %;;;;;
3.2.1.8;Onderzoeken van de heraanleg van de Tiensesteenweg;0200-00;Wegen;O;1500000;Investeringssubsidies en -schenkingen in kapitaal met vordering op korte termijn;IE3; € 544.985,02 ; € -   ; € -   ; € 544.985,02 ;0;-;;;;;
3.3.1.11;Verkopen van de grond Pimberg (perceel naast speelbos);0190-00;Overig algemeen bestuur;O;2200000;Onbebouwde terreinen - gemeenschapsgoederen;IE6; € 200.000,00 ; € -   ; € -   ; € 200.000,00 ;0;-;;;;;
3.3.1.8;Inrichten en aanleggen van het binnengebied in Opvelp;0680-00;Groene ruimte;O;1500000;Investeringssubsidies en -schenkingen in kapitaal met vordering op korte termijn;IE6; € -   ; € 25.000,00 ; € -   ; € -   ;-25000;-100,00 %;;;;;
3.3.1.9;Herinrichten van de bovenparking van de Borre;0119-00;Overige algemene diensten;O;1500000;Investeringssubsidies en -schenkingen in kapitaal met vordering op korte termijn;IE6; € 50.000,00 ; € -   ; € -   ; € 50.000,00 ;0;-;;;;;
3.3.4.1;Aanleggen en verbeteren van rioleringen;0200-00;Wegen;O;1500000;Investeringssubsidies en -schenkingen in kapitaal met vordering op korte termijn;IE6; € -   ; € -   ; € -   ; € -   ;0;-;;;;;
3.3.4.1;Aanleggen en verbeteren van rioleringen;0310-00;Beheer van regen- en afvalwater;O;1500000;Investeringssubsidies en -schenkingen in kapitaal met vordering op korte termijn;IE6; € 517.855,03 ; € 350.000,00 ; € -   ; € 517.855,03 ;-350000;-100,00 %;;;;;
3.3.4.2;Aanleggen van waterbufferbekkens in het kader van erosie;0341-00;Erosiebestrijding;O;1500000;Investeringssubsidies en -schenkingen in kapitaal met vordering op korte termijn;IE6; € 191.878,20 ; € -   ; € -   ; € 191.878,20 ;0;-;;;;;
3.3.4.3;Nemen van andere maatregelen in het kader van erosiebestrijding;0341-00;Erosiebestrijding;O;1500000;Investeringssubsidies en -schenkingen in kapitaal met vordering op korte termijn;IE6; € 6.375,00 ; € -   ; € -   ; € 6.375,00 ;0;-;;;;;
3.3.4.5;Bouwen en onderhouden van installaties voor individuele afvalwaterzuivering;0310-00;Beheer van regen- en afvalwater;O;1500000;Investeringssubsidies en -schenkingen in kapitaal met vordering op korte termijn;IE6; € -   ; € -   ; € -   ; € -   ;0;-;;;;;
3.4.2.5;Ontvangen van een sectorale subsidie inzake gemeentelijke ontwikkelingssamenwerking;0160-00;Hulp aan het buitenland;O;7404999;Overige algemene werkingssubsidies;IE-GEEN; € -   ; € 43.200,00 ; € -   ; € -   ;-43200;-100,00 %;;;;;
3.4.3.1;Optimaliseren van het gemeentelijk containerpark en de groencompostering in eigen beheer;0309-00;Overig afval- en materialenbeheer;O;7000003;Verkoop van schroot/oud ijzer;IE-GEEN; € 8.000,00 ; € 5.906,21 ; € 3.686,20 ; € 4.313,80 ;-2220,01;-37,59 %;;;;;
3.4.3.1;Optimaliseren van het gemeentelijk containerpark en de groencompostering in eigen beheer;0309-00;Overig afval- en materialenbeheer;O;7000099;Opbrengsten uit andere verkopen;IE-GEEN; € 5.500,00 ; € 9.201,61 ; € 4.275,75 ; € 1.224,25 ;-4925,86;-53,53 %;;;;;
3.4.3.1;Optimaliseren van het gemeentelijk containerpark en de groencompostering in eigen beheer;0309-00;Overig afval- en materialenbeheer;O;7040999;Andere terugvorderingen en tussenkomsten;IE-GEEN; € -   ; € -   ; € 2.071,03 ; € -2.071,03 ;2071,03;-;; € 5.000,00 ; € 5.000,00 ;recupel van GBB 0300-00;idem
3.5.1.4;Ondersteunen van netwerk- en handelskernversterkende initiatieven voor de Bierbeekse ondernemers;0500-00;Handel en middenstand;O;7020999;Opbrengsten uit andere prestaties;IE-GEEN; € 2.025,00 ; € 1.451,27 ; € -   ; € 2.025,00 ;-1451,27;-100,00 %;;;;;
3.5.1.4;Ondersteunen van netwerk- en handelskernversterkende initiatieven voor de Bierbeekse ondernemers;0500-00;Handel en middenstand;O;7406999;Overige specifieke projectsubsidies;IE-GEEN; € 9.284,46 ; € 6.068,92 ; € 3.250,00 ; € 6.034,46 ;-2818,92;-46,45 %;; € 3.250,00 ; € 12.534,46 ;Subsidie ondernemend Bierbeek Online;3250 in 2018
4.1.1.1;Voorzien van een bijdrage aan de vzw Cultuurcentrum Bierbeek;0701-00;Cultuurcentrum;O;7470000;Werknemersinhouding maaltijdcheques;IE-GEEN; € 2.000,00 ; € 1.957,64 ; € 1.087,82 ; € 912,18 ;-869,82;-44,43 %;;;;;
4.1.1.4;Organiseren van sportpromotionele evenementen;0740-00;Sport;O;7005002;Opbrengsten uit bar/cafetaria;IE-GEEN; € 270,00 ; € 236,60 ; € -   ; € 270,00 ;-236,6;-100,00 %;;;;;
4.1.1.4;Organiseren van sportpromotionele evenementen;0740-00;Sport;O;7010002;Inschrijvingsgelden;IE-GEEN; € 30,00 ; € 70,00 ; € -   ; € 30,00 ;-70;-100,00 %;;;;;
4.3.2.1;Stimuleren en ondersteunen van erfgoedparticipatie;0729-00;Overig beleid inzake het erfgoed;O;7005002;Opbrengsten uit bar/cafetaria;IE-GEEN; € -   ; € 163,60 ; € -   ; € -   ;-163,6;-100,00 %;;;;;
4.3.2.1;Stimuleren en ondersteunen van erfgoedparticipatie;0729-00;Overig beleid inzake het erfgoed;O;7010003;Toegangsgelden;IE-GEEN; € -   ; € 252,74 ; € -   ; € -   ;-252,74;-100,00 %;;;;;
4.3.2.1;Stimuleren en ondersteunen van erfgoedparticipatie;0729-00;Overig beleid inzake het erfgoed;O;7406999;Overige specifieke projectsubsidies;IE-GEEN; € 2.900,00 ; € 5.800,00 ; € -   ; € 2.900,00 ;-5800;-100,00 %;; € -2.900,00 ; € -   ;Subsidie reeds ontvangen in 2015;idem
4.3.3.1;Restaureren en renoveren van de pastorie van Bierbeek;0720-03;Patrimonium kerkfabriek Sint Hilarius;O;1500000;Investeringssubsidies en -schenkingen in kapitaal met vordering op korte termijn;IE6; € 16.000,00 ; € -   ; € -   ; € 16.000,00 ;0;-;;;;;
4.3.3.2;Vernieuwen van het dak van de Sint-Hilariuskerk;0720-03;Patrimonium kerkfabriek Sint Hilarius;O;1500000;Investeringssubsidies en -schenkingen in kapitaal met vordering op korte termijn;IE6; € -   ; € -   ; € -   ; € -   ;0;-;;;;;
4.3.3.3;Onderzoeken van de restauratie en renovatie van de pastorie van Opvelp;0720-01;Patrimonium kerkfabriek Sint Antonius;O;1500000;Investeringssubsidies en -schenkingen in kapitaal met vordering op korte termijn;IE6; € -   ; € -   ; € -   ; € -   ;0;-;;;;;
5.1.3.3;Voorzien van extra sanitair in de schoolgebouwen;0800-02;Lager onderwijs;O;1500000;Investeringssubsidies en -schenkingen in kapitaal met vordering op korte termijn;IE6; € -   ; € -   ; € -   ; € -   ;0;-;;;;;
5.1.3.4;Verfraaien en renoveren van de schoolgebouwen;0800-02;Lager onderwijs;O;1500000;Investeringssubsidies en -schenkingen in kapitaal met vordering op korte termijn;IE6; € 28.097,93 ; € 461.902,07 ; € -   ; € 28.097,93 ;-461902,07;-100,00 %;;;;;
5.2.1.2;Organiseren van schoolsport en naschoolse sportactiviteiten;0889-00;Overige ondersteunende diensten voor het lokaal flankerend onderwijs;O;7040003;Tussenkomsten van ouders in het toezicht en de bijlessen;IE-GEEN; € -   ; € -   ; € 500,00 ; € -500,00 ;500;-;; € 500,00 ; € 500,00 ;bijdragen ouders naschoolse sport;idem
GBB-CBS;Gelijkblijvend beleid CBS;0010-00;Algemene overdrachten tussen de verschillende bestuurlijke niveaus;O;7400000;Gemeentefonds;IE-GEEN; € 1.333.276,00 ; € 1.302.343,20 ; € 1.301.758,29 ; € 31.517,71 ;-584,91;-0,04 %;;;;;
GBB-CBS;Gelijkblijvend beleid CBS;0010-00;Algemene overdrachten tussen de verschillende bestuurlijke niveaus;O;7404999;Overige algemene werkingssubsidies;IE-GEEN; € 426.376,20 ; € 117.207,67 ; € 117.207,67 ; € 309.168,53 ;0;0,00 %;;;;;
GBB-CBS;Gelijkblijvend beleid CBS;0010-00;Algemene overdrachten tussen de verschillende bestuurlijke niveaus;O;7405001;Bijdrage gesubsidieerde contractuelen;IE-GEEN; € 357.129,98 ; € 326.474,29 ; € -   ; € 357.129,98 ;-326474,29;-100,00 %;; € -357.129,98 ; € -   ;Wijziging AR : 7404999 ipv 7405001;idem
GBB-CBS;Gelijkblijvend beleid CBS;0020-00;Fiscale aangelegenheden;O;7300000;Opcentiemen op de onroerende voorheffing;IE-GEEN; € 2.535.426,14 ; € 2.620.132,39 ; € 2.579.218,91 ; € -43.792,77 ;-40913,48;-1,56 %;; € 44.000,00 ; € 2.579.426,14 ;OV;
GBB-CBS;Gelijkblijvend beleid CBS;0020-00;Fiscale aangelegenheden;O;7301000;Aanvullende belasting op de personenbelasting;IE-GEEN; € 4.106.514,38 ; € 4.452.551,50 ; € 2.876.494,33 ; € 1.230.020,05 ;-1576057,17;-35,40 %;; € -15.104,63 ; € 4.091.409,75 ;impact taxshift 2016;idem
GBB-CBS;Gelijkblijvend beleid CBS;0020-00;Fiscale aangelegenheden;O;7302000;Motorrijtuigen;IE-GEEN; € 137.286,24 ; € 138.941,64 ; € 69.147,46 ; € 68.138,78 ;-69794,18;-50,23 %;;;;;
GBB-CBS;Gelijkblijvend beleid CBS;0020-00;Fiscale aangelegenheden;O;7315000;Afgifte identiteitsbewijzen/paspoorten/trouwboekjes/uittreksels;IE-GEEN; € 95.000,00 ; € 104.127,80 ; € 66.448,99 ; € 28.551,01 ;-37678,81;-36,19 %;; € 10.000,00 ; € 105.000,00 ;meer uitgaven dus ook meer inkomsten;107,2
GBB-CBS;Gelijkblijvend beleid CBS;0020-00;Fiscale aangelegenheden;O;7316000;Aanvragen stedenbouwkundige vergunningen;IE-GEEN; € 11.000,00 ; € 53.195,21 ; € 31.320,21 ; € -20.320,21 ;-21875;-41,12 %;;;;te corrigeren!!!;
GBB-CBS;Gelijkblijvend beleid CBS;0020-00;Fiscale aangelegenheden;O;7317000;Aanvragen/meldingen hinderlijke inrichtingen;IE-GEEN; € 250,00 ; € 1.810,00 ; € 190,00 ; € 60,00 ;-1620;-89,50 %;;;;;
GBB-CBS;Gelijkblijvend beleid CBS;0020-00;Fiscale aangelegenheden;O;7319999;Andere belastingen op prestaties;IE-GEEN; € 1.500,00 ; € 1.100,00 ; € -   ; € 1.500,00 ;-1100;-100,00 %;;;;;
GBB-CBS;Gelijkblijvend beleid CBS;0020-00;Fiscale aangelegenheden;O;7330100;Op rioolnet aangesloten en aansluitbare gebouwen;IE-GEEN; € 24.000,00 ; € 8.050,00 ; € -700,00 ; € 24.700,00 ;-8750;-108,70 %;;;;;
GBB-CBS;Gelijkblijvend beleid CBS;0020-00;Fiscale aangelegenheden;O;7330200;Op waterleidingsnet aangesloten en aansluitbare gebouwen;IE-GEEN; € 420.729,29 ; € 469.159,89 ; € 251.717,85 ; € 169.011,44 ;-217442,04;-46,35 %;; € 50.000,00 ; € 470.729,29 ;afvoerbijdrage - zie ook rekening 2015;idem?
GBB-CBS;Gelijkblijvend beleid CBS;0020-00;Fiscale aangelegenheden;O;7331100;Begraving / bijzetting / verstrooiing;IE-GEEN; € 125,00 ; € 375,00 ; € 125,00 ; € -   ;-250;-66,67 %;;;;;
GBB-CBS;Gelijkblijvend beleid CBS;0020-00;Fiscale aangelegenheden;O;7332200;Diftar/ophaalronde;IE-GEEN; € 295.000,00 ; € 309.992,89 ; € 189.255,81 ; € 105.744,19 ;-120737,08;-38,95 %;;;;;
GBB-CBS;Gelijkblijvend beleid CBS;0020-00;Fiscale aangelegenheden;O;7332300;Afgifte zakken, klevers, recipiÃ«nten;IE-GEEN; € 59.000,00 ; € 55.633,00 ; € 35.310,50 ; € 23.689,50 ;-20322,5;-36,53 %;; € 9.000,00 ; € 68.000,00 ;roze zakken;idem
GBB-CBS;Gelijkblijvend beleid CBS;0020-00;Fiscale aangelegenheden;O;7332700;Bedrijfsvuil / nijverheidsvuil;IE-GEEN; € 3.000,00 ; € 4.036,00 ; € -   ; € 3.000,00 ;-4036;-100,00 %;; € 1.000,00 ; € 4.000,00 ;vaststelling rekening 2015;idem
GBB-CBS;Gelijkblijvend beleid CBS;0020-00;Fiscale aangelegenheden;O;7332800;Sluikstorten;IE-GEEN; € -   ; € -   ; € -   ; € -   ;0;-;;;;;
GBB-CBS;Gelijkblijvend beleid CBS;0020-00;Fiscale aangelegenheden;O;7340300;Groeven: zand, kiezel, klei;IE-GEEN; € 1.000,00 ; € 1.550,00 ; € 1.112,50 ; € -112,50 ;-437,5;-28,23 %;;;;;
GBB-CBS;Gelijkblijvend beleid CBS;0020-00;Fiscale aangelegenheden;O;7341500;Diensten verhuur voertuigen met bestuurder;IE-GEEN; € 339,21 ; € 327,96 ; € 998,58 ; € -659,37 ;670,62;204,48 %;;;;;
GBB-CBS;Gelijkblijvend beleid CBS;0020-00;Fiscale aangelegenheden;O;7341700;Stapelplaatsen voor schroot / oude achtergelaten voertuigen/ materialen;IE-GEEN; € 1.300,00 ; € -   ; € 701,65 ; € 598,35 ;701,65;-;;;;;
GBB-CBS;Gelijkblijvend beleid CBS;0020-00;Fiscale aangelegenheden;O;7342200;Reclameborden;IE-GEEN; € 9.000,00 ; € -   ; € 8.450,00 ; € 550,00 ;8450;-;; € -1.300,00 ; € 7.700,00 ;svz 2016 (+ faillissement…);idem
GBB-CBS;Gelijkblijvend beleid CBS;0020-00;Fiscale aangelegenheden;O;7342400;Verspreiding kosteloos reclamedrukwerk;IE-GEEN; € 85.000,00 ; € 88.316,19 ; € 97.594,10 ; € -12.594,10 ;9277,91;10,51 %;; € 10.000,00 ; € 95.000,00 ;svz 2016;idem
GBB-CBS;Gelijkblijvend beleid CBS;0020-00;Fiscale aangelegenheden;O;7374000;Leegstaande woningen en gebouwen;IE-GEEN; € 35.000,00 ; € 33.750,00 ; € 42.500,00 ; € -7.500,00 ;8750;25,93 %;; € 7.500,00 ; € 42.500,00 ;svz 2016;
GBB-CBS;Gelijkblijvend beleid CBS;0020-00;Fiscale aangelegenheden;O;7377000;Tweede verblijven;IE-GEEN; € 15.000,00 ; € -   ; € 18.000,00 ; € -3.000,00 ;18000;-;; € 3.000,00 ; € 18.000,00 ;svz 2016;
GBB-CBS;Gelijkblijvend beleid CBS;0030-00;Financiële aangelegenheden;O;2810000;Belang. in intergem. samenwerk. en soortg. ent. - AW;IE7; € -   ; € 75,00 ; € -   ; € -   ;-75;-100,00 %;;;;;
GBB-CBS;Gelijkblijvend beleid CBS;0030-00;Financiële aangelegenheden;O;2903000;Vorderingen wegens toegestane leningen - nominale waarde;IE-GEEN; € -   ; € -   ; € -   ; € -   ;0;-;;;;;
GBB-CBS;Gelijkblijvend beleid CBS;0030-00;Financiële aangelegenheden;O;7500000;Opbrengsten uit financiÃ«le vaste activa;IE-GEEN; € 20.300,00 ; € 51.782,60 ; € 4.844,08 ; € 15.455,92 ;-46938,52;-90,65 %;;;;;
GBB-CBS;Gelijkblijvend beleid CBS;0030-00;Financiële aangelegenheden;O;7510000;Creditintresten op rekening courant;IE-GEEN; € 200,00 ; € 10,52 ; € 3,06 ; € 196,94 ;-7,46;-70,91 %;;;;;
GBB-CBS;Gelijkblijvend beleid CBS;0030-00;Financiële aangelegenheden;O;7510002;Opbrengsten termijn -en spaarrekeningen;IE-GEEN; € 5.000,00 ; € 17.226,76 ; € 24,33 ; € 4.975,67 ;-17202,43;-99,86 %;;;;;
GBB-CBS;Gelijkblijvend beleid CBS;0040-00;Transacties in verband met de openbare schuld;O;1733000;Schulden aan kredietinstellingen ten laste van het bestuur;IE-GEEN; € -   ; € 3.600.000,00 ; € 1.025.000,00 ; € -1.025.000,00 ;-2575000;-71,53 %;; € 1.800.000,00 ; € 1.800.000,00 ;Wijziging AR (1733 ipv 1749);idem
GBB-CBS;Gelijkblijvend beleid CBS;0040-00;Transacties in verband met de openbare schuld;O;1740000;Prefinancieringsleningen;IE-GEEN; € -   ; € 237.852,57 ; € -   ; € -   ;-237852,57;-100,00 %;;;;;
GBB-CBS;Gelijkblijvend beleid CBS;0040-00;Transacties in verband met de openbare schuld;O;1749000;Overige leningen;IE-GEEN; € 1.800.000,00 ; € -   ; € -   ; € 1.800.000,00 ;0;-;; € -1.800.000,00 ; € -   ;Wijziging AR (1733 ipv 1749);idem
GBB-CBS;Gelijkblijvend beleid CBS;0050-00;Patrimonium zonder maatschappelijk doel;O;7000002;Verkoop van houthak;IE-GEEN; € -   ; € -   ; € 1.810,00 ; € -1.810,00 ;1810;-;; € 1.810,00 ; € 1.810,00 ;houtverkoop;
GBB-CBS;Gelijkblijvend beleid CBS;0050-00;Patrimonium zonder maatschappelijk doel;O;7040999;Andere terugvorderingen en tussenkomsten;IE-GEEN; € -   ; € -   ; € -   ; € -   ;0;-;;;;;
GBB-CBS;Gelijkblijvend beleid CBS;0050-00;Patrimonium zonder maatschappelijk doel;O;7050002;Opbrengsten uit verhuur woningen en flats;IE-GEEN; € 72.741,00 ; € 56.523,72 ; € 33.042,75 ; € 39.698,25 ;-23480,97;-41,54 %;;;;;
GBB-CBS;Gelijkblijvend beleid CBS;0050-00;Patrimonium zonder maatschappelijk doel;O;7050003;Opbrengsten uit verpachtingen;IE-GEEN; € 6.753,76 ; € 6.731,22 ; € -   ; € 6.753,76 ;-6731,22;-100,00 %;;;;;
GBB-CBS;Gelijkblijvend beleid CBS;0050-00;Patrimonium zonder maatschappelijk doel;O;7050999;Andere huuropbrengsten;IE-GEEN; € 5.300,00 ; € 5.316,33 ; € 5.474,08 ; € -174,08 ;157,75;2,97 %;;;;;
GBB-CBS;Gelijkblijvend beleid CBS;0050-00;Patrimonium zonder maatschappelijk doel;O;7060002;Opbrengsten uit jachtrechten;IE-GEEN; € 1.256,06 ; € 1.243,62 ; € -   ; € 1.256,06 ;-1243,62;-100,00 %;;;;;
GBB-CBS;Gelijkblijvend beleid CBS;0090-00;Overige algemene financiering;O;7040999;Andere terugvorderingen en tussenkomsten;IE-GEEN; € 300,00 ; € 135,04 ; € -   ; € 300,00 ;-135,04;-100,00 %;;;;;
GBB-CBS;Gelijkblijvend beleid CBS;0100-00;Politieke organen;O;7440000;Inhouding pensioen;IE-GEEN; € 13.200,00 ; € 13.177,08 ; € 8.828,70 ; € 4.371,30 ;-4348,38;-33,00 %;;;;;
GBB-CBS;Gelijkblijvend beleid CBS;0110-00;Secretariaat;O;7470000;Werknemersinhouding maaltijdcheques;IE-GEEN; € 300,00 ; € 366,24 ; € 264,87 ; € 35,13 ;-101,37;-27,68 %;;;;;
GBB-CBS;Gelijkblijvend beleid CBS;0111-00;Fiscale en financiële diensten;O;7405999;Overige werkingstoelage aangaande personeelsaangelegenheden;IE-GEEN; € 7.200,00 ; € 7.208,72 ; € 1.802,18 ; € 5.397,82 ;-5406,54;-75,00 %;;;;;
GBB-CBS;Gelijkblijvend beleid CBS;0111-00;Fiscale en financiële diensten;O;7470000;Werknemersinhouding maaltijdcheques;IE-GEEN; € 450,00 ; € 488,32 ; € 200,56 ; € 249,44 ;-287,76;-58,93 %;;;;;
GBB-CBS;Gelijkblijvend beleid CBS;0111-00;Fiscale en financiële diensten;O;7599999;Andere financiÃ«le opbrengsten;IE-GEEN; € 5,00 ; € 3,35 ; € 1,86 ; € 3,14 ;-1,49;-44,48 %;;;;;
GBB-CBS;Gelijkblijvend beleid CBS;0112-00;Personeelsdienst en vorming;O;7406999;Overige specifieke projectsubsidies;IE-GEEN; € -   ; € -   ; € -   ; € -   ;0;-;;;;;
GBB-CBS;Gelijkblijvend beleid CBS;0112-00;Personeelsdienst en vorming;O;7450000;Recuperaties van kosten;IE-GEEN; € -   ; € -   ; € 34,50 ; € -34,50 ;34,5;-;;;;;
GBB-CBS;Gelijkblijvend beleid CBS;0112-00;Personeelsdienst en vorming;O;7470000;Werknemersinhouding maaltijdcheques;IE-GEEN; € 250,00 ; € 241,98 ; € 146,06 ; € 103,94 ;-95,92;-39,64 %;;;;;
GBB-CBS;Gelijkblijvend beleid CBS;0119-00;Overige algemene diensten;O;7040999;Andere terugvorderingen en tussenkomsten;IE-GEEN; € -   ; € 236,80 ; € 121,80 ; € -121,80 ;-115;-48,56 %;;;;;
GBB-CBS;Gelijkblijvend beleid CBS;0119-00;Overige algemene diensten;O;7080000;Toegekende kortingen, ristorno's en rabatten (-);IE-GEEN; € 100,00 ; € -   ; € -   ; € 100,00 ;0;-;;;;;
GBB-CBS;Gelijkblijvend beleid CBS;0119-00;Overige algemene diensten;O;7470000;Werknemersinhouding maaltijdcheques;IE-GEEN; € 1.200,00 ; € 1.273,12 ; € 796,79 ; € 403,21 ;-476,33;-37,41 %;;;;;
GBB-CBS;Gelijkblijvend beleid CBS;0130-00;Administratieve dienstverlening;O;7005003;Opbrengsten automaten;IE-GEEN; € -   ; € -   ; € 239,63 ; € -239,63 ;239,63;-;;;;;
GBB-CBS;Gelijkblijvend beleid CBS;0130-00;Administratieve dienstverlening;O;7020003;Verstrekken van bevolkingsgegevens;IE-GEEN; € 10,00 ; € 9,90 ; € 1,50 ; € 8,50 ;-8,4;-84,85 %;;;;;
GBB-CBS;Gelijkblijvend beleid CBS;0130-00;Administratieve dienstverlening;O;7040999;Andere terugvorderingen en tussenkomsten;IE-GEEN; € 50,00 ; € 167,68 ; € 253,25 ; € -203,25 ;85,57;51,03 %;;;;;
GBB-CBS;Gelijkblijvend beleid CBS;0130-00;Administratieve dienstverlening;O;7409999;Overige specifieke werkingssubsidies;IE-GEEN; € -   ; € -   ; € -   ; € -   ;0;-;;;;;
GBB-CBS;Gelijkblijvend beleid CBS;0130-00;Administratieve dienstverlening;O;7470000;Werknemersinhouding maaltijdcheques;IE-GEEN; € 800,00 ; € 834,94 ; € 494,86 ; € 305,14 ;-340,08;-40,73 %;;;;;
GBB-CBS;Gelijkblijvend beleid CBS;0160-00;Hulp aan het buitenland;O;7404999;Overige algemene werkingssubsidies;IE-GEEN; € 80.300,00 ; € -   ; € 82.180,00 ; € -1.880,00 ;82180;-;;;;;
GBB-CBS;Gelijkblijvend beleid CBS;0160-00;Hulp aan het buitenland;O;7405002;Personeelssubsidies algemeen;IE-GEEN; € -   ; € -   ; € -   ; € -   ;0;-;;;;;
GBB-CBS;Gelijkblijvend beleid CBS;0160-00;Hulp aan het buitenland;O;7406999;Overige specifieke projectsubsidies;IE-GEEN; € -   ; € -   ; € -   ; € -   ;0;-;;;;;
GBB-CBS;Gelijkblijvend beleid CBS;0160-00;Hulp aan het buitenland;O;7470000;Werknemersinhouding maaltijdcheques;IE-GEEN; € 150,00 ; € 126,44 ; € 76,30 ; € 73,70 ;-50,14;-39,66 %;;;;;
GBB-CBS;Gelijkblijvend beleid CBS;0190-00;Overig algemeen bestuur;O;7000099;Opbrengsten uit andere verkopen;IE-GEEN; € 200,00 ; € 175,00 ; € 375,00 ; € -175,00 ;200;114,29 %;;;;;
GBB-CBS;Gelijkblijvend beleid CBS;0190-00;Overig algemeen bestuur;O;7040006;Tussenkomsten van verzekeringsmaatschappijen;IE-GEEN; € 14.000,00 ; € 10.227,28 ; € 15.727,27 ; € -1.727,27 ;5499,99;53,78 %;; € 2.000,00 ; € 16.000,00 ;schadegevallen verzekeringen;
GBB-CBS;Gelijkblijvend beleid CBS;0190-00;Overig algemeen bestuur;O;7040999;Andere terugvorderingen en tussenkomsten;IE-GEEN; € 300,00 ; € 1.790,35 ; € 1.968,32 ; € -1.668,32 ;177,97;9,94 %;; € 2.000,00 ; € 2.300,00 ;allerlei terugvorderingen (oa gsmkosten, drank opening GH, glazen,…);
GBB-CBS;Gelijkblijvend beleid CBS;0190-00;Overig algemeen bestuur;O;7060999;Andere opbrengsten uit concessie en verleende rechten;IE-GEEN; € -   ; € -   ; € -   ; € -   ;0;-;;;;;
GBB-CBS;Gelijkblijvend beleid CBS;0190-00;Overig algemeen bestuur;O;7080000;Toegekende kortingen, ristorno's en rabatten (-);IE-GEEN; € 100,00 ; € -   ; € -   ; € 100,00 ;0;-;;;;;
GBB-CBS;Gelijkblijvend beleid CBS;0190-00;Overig algemeen bestuur;O;7390000;Gemeentelijke administratieve sanctie;IE-GEEN; € 750,00 ; € 600,00 ; € 520,00 ; € 230,00 ;-80;-13,33 %;;;;;
GBB-CBS;Gelijkblijvend beleid CBS;0190-00;Overig algemeen bestuur;O;7450000;Recuperaties van kosten;IE-GEEN; € -   ; € 895,88 ; € -   ; € -   ;-895,88;-100,00 %;;;;;
GBB-CBS;Gelijkblijvend beleid CBS;0200-00;Wegen;O;2202000;Wegzate - gemeenschapsgoederen;IE6; € -965,00 ; € 965,00 ; € -   ; € -965,00 ;-965;-100,00 %;;;;;
GBB-CBS;Gelijkblijvend beleid CBS;0200-00;Wegen;O;7000002;Verkoop van houthak;IE-GEEN; € -   ; € 312,34 ; € -   ; € -   ;-312,34;-100,00 %;;;;;
GBB-CBS;Gelijkblijvend beleid CBS;0200-00;Wegen;O;7000003;Verkoop van schroot/oud ijzer;IE-GEEN; € 100,00 ; € 25,00 ; € -   ; € 100,00 ;-25;-100,00 %;;;;;
GBB-CBS;Gelijkblijvend beleid CBS;0200-00;Wegen;O;7000005;Verkoop van voertuigen, fietsen en bromfietsen;IE-GEEN; € 250,00 ; € -   ; € -   ; € 250,00 ;0;-;;;;;
GBB-CBS;Gelijkblijvend beleid CBS;0200-00;Wegen;O;7000099;Opbrengsten uit andere verkopen;IE-GEEN; € -   ; € 29,00 ; € -   ; € -   ;-29;-100,00 %;;;;;
GBB-CBS;Gelijkblijvend beleid CBS;0200-00;Wegen;O;7020000;Opbrengsten uit prestaties;IE-GEEN; € -   ; € 976,46 ; € -   ; € -   ;-976,46;-100,00 %;;;;;
GBB-CBS;Gelijkblijvend beleid CBS;0200-00;Wegen;O;7402020;Subsidies sociale maribel;IE-GEEN; € -   ; € -   ; € -   ; € -   ;0;-;;;;;
GBB-CBS;Gelijkblijvend beleid CBS;0200-00;Wegen;O;7405999;Overige werkingstoelage aangaande personeelsaangelegenheden;IE-GEEN; € -   ; € 472,31 ; € -   ; € -   ;-472,31;-100,00 %;;;;;
GBB-CBS;Gelijkblijvend beleid CBS;0200-00;Wegen;O;7406999;Overige specifieke projectsubsidies;IE-GEEN; € -   ; € -   ; € -   ; € -   ;0;-;;;;;
GBB-CBS;Gelijkblijvend beleid CBS;0200-00;Wegen;O;7450000;Recuperaties van kosten;IE-GEEN; € 1.000,00 ; € 545,59 ; € -   ; € 1.000,00 ;-545,59;-100,00 %;;;;;
GBB-CBS;Gelijkblijvend beleid CBS;0200-00;Wegen;O;7470000;Werknemersinhouding maaltijdcheques;IE-GEEN; € 2.400,00 ; € 2.348,95 ; € 1.397,38 ; € 1.002,62 ;-951,57;-40,51 %;;;;;
GBB-CBS;Gelijkblijvend beleid CBS;0210-00;Openbaar vervoer;O;7000099;Opbrengsten uit andere verkopen;IE-GEEN; € -   ; € 520,00 ; € -   ; € -   ;-520;-100,00 %;;;;;
GBB-CBS;Gelijkblijvend beleid CBS;0290-00;Overige mobiliteit en verkeer;O;1500000;Investeringssubsidies en -schenkingen in kapitaal met vordering op korte termijn;IE6; € -   ; € 21.969,57 ; € -   ; € -   ;-21969,57;-100,00 %;;;;;
GBB-CBS;Gelijkblijvend beleid CBS;0300-00;Ophalen en verwerken van huishoudelijk afval;O;7000003;Verkoop van schroot/oud ijzer;IE-GEEN; € -   ; € 264,00 ; € 423,00 ; € -423,00 ;159;60,23 %;;;;;
GBB-CBS;Gelijkblijvend beleid CBS;0300-00;Ophalen en verwerken van huishoudelijk afval;O;7000099;Opbrengsten uit andere verkopen;IE-GEEN; € 44.500,00 ; € 45.513,58 ; € 23.117,23 ; € 21.382,77 ;-22396,35;-49,21 %;;;;;
GBB-CBS;Gelijkblijvend beleid CBS;0300-00;Ophalen en verwerken van huishoudelijk afval;O;7040999;Andere terugvorderingen en tussenkomsten;IE-GEEN; € 5.380,00 ; € 5.550,89 ; € 431,27 ; € 4.948,73 ;-5119,62;-92,23 %;; € -4.500,00 ; € 880,00 ; recupel naar actie 3.4.3.1 - 0309-00 ;idem
GBB-CBS;Gelijkblijvend beleid CBS;0309-00;Overig afval- en materialenbeheer;O;7000007;Verkoop van compostvaten;IE-GEEN; € 2.600,00 ; € 3.058,00 ; € 1.134,00 ; € 1.466,00 ;-1924;-62,92 %;;;;;
GBB-CBS;Gelijkblijvend beleid CBS;0309-00;Overig afval- en materialenbeheer;O;7000099;Opbrengsten uit andere verkopen;IE-GEEN; € 1.000,00 ; € 210,00 ; € -   ; € 1.000,00 ;-210;-100,00 %;;;;;
GBB-CBS;Gelijkblijvend beleid CBS;0309-00;Overig afval- en materialenbeheer;O;7040999;Andere terugvorderingen en tussenkomsten;IE-GEEN; € -   ; € 761,09 ; € -   ; € -   ;-761,09;-100,00 %;;;;;
GBB-CBS;Gelijkblijvend beleid CBS;0309-00;Overig afval- en materialenbeheer;O;7406999;Overige specifieke projectsubsidies;IE-GEEN; € -   ; € -   ; € -   ; € -   ;0;-;;;;;
GBB-CBS;Gelijkblijvend beleid CBS;0309-00;Overig afval- en materialenbeheer;O;7470000;Werknemersinhouding maaltijdcheques;IE-GEEN; € 200,00 ; € 221,27 ; € 111,18 ; € 88,82 ;-110,09;-49,75 %;;;;;
GBB-CBS;Gelijkblijvend beleid CBS;0309-00;Overig afval- en materialenbeheer;O;7479999;Overige diverse operationele kosten;IE-GEEN; € -   ; € 21.839,51 ; € -   ; € -   ;-21839,51;-100,00 %;;;;;
GBB-CBS;Gelijkblijvend beleid CBS;0310-00;Beheer van regen- en afvalwater;O;7040999;Andere terugvorderingen en tussenkomsten;IE-GEEN; € -   ; € 195,98 ; € -   ; € -   ;-195,98;-100,00 %;;;;;
GBB-CBS;Gelijkblijvend beleid CBS;0310-00;Beheer van regen- en afvalwater;O;7330100;Op rioolnet aangesloten en aansluitbare gebouwen;IE-GEEN; € -   ; € -   ; € -   ; € -   ;0;-;;;;;
GBB-CBS;Gelijkblijvend beleid CBS;0310-00;Beheer van regen- en afvalwater;O;7406999;Overige specifieke projectsubsidies;IE-GEEN; € -   ; € -   ; € -   ; € -   ;0;-;;;;;
GBB-CBS;Gelijkblijvend beleid CBS;0319-00;Overig waterbeheer;O;7330200;Op waterleidingsnet aangesloten en aansluitbare gebouwen;IE-GEEN; € -   ; € -   ; € -   ; € -   ;0;-;;;;;
GBB-CBS;Gelijkblijvend beleid CBS;0319-00;Overig waterbeheer;O;7406999;Overige specifieke projectsubsidies;IE-GEEN; € 20.000,00 ; € -   ; € -   ; € 20.000,00 ;0;-;;;;;
GBB-CBS;Gelijkblijvend beleid CBS;0341-00;Erosiebestrijding;O;7405002;Personeelssubsidies algemeen;IE-GEEN; € 8.900,00 ; € 8.912,27 ; € 7.350,93 ; € 1.549,07 ;-1561,34;-17,52 %;;;;;
GBB-CBS;Gelijkblijvend beleid CBS;0390-00;Overige milieubescherming;O;7406999;Overige specifieke projectsubsidies;IE-GEEN; € -   ; € 15.000,00 ; € -   ; € -   ;-15000;-100,00 %;;;;;
GBB-CBS;Gelijkblijvend beleid CBS;0390-00;Overige milieubescherming;O;7470000;Werknemersinhouding maaltijdcheques;IE-GEEN; € 300,00 ; € 306,29 ; € 192,93 ; € 107,07 ;-113,36;-37,01 %;;;;;
GBB-CBS;Gelijkblijvend beleid CBS;0500-00;Handel en middenstand;O;7406999;Overige specifieke projectsubsidies;IE-GEEN; € -   ; € -   ; € -   ; € -   ;0;-;;;;;
GBB-CBS;Gelijkblijvend beleid CBS;0520-00;Toerisme - Onthaal en promotie;O;7000008;Verkoop van infobrochures;IE-GEEN; € 700,00 ; € 923,92 ; € 193,00 ; € 507,00 ;-730,92;-79,11 %;;;;;
GBB-CBS;Gelijkblijvend beleid CBS;0520-00;Toerisme - Onthaal en promotie;O;7470000;Werknemersinhouding maaltijdcheques;IE-GEEN; € 75,00 ; € 176,58 ; € 66,49 ; € 8,51 ;-110,09;-62,35 %;;;;;
GBB-CBS;Gelijkblijvend beleid CBS;0600-00;Ruimtelijke planning;O;7020004;Verstrekken van Stedenbouwkundige inlichtingen;IE-GEEN; € 19.000,00 ; € 100,00 ; € 3.050,00 ; € 15.950,00 ;2950;2950,00 %;;;;;
GBB-CBS;Gelijkblijvend beleid CBS;0600-00;Ruimtelijke planning;O;7406999;Overige specifieke projectsubsidies;IE-GEEN; € -   ; € 7.500,00 ; € -   ; € -   ;-7500;-100,00 %;;;;;
GBB-CBS;Gelijkblijvend beleid CBS;0600-00;Ruimtelijke planning;O;7409999;Overige specifieke werkingssubsidies;IE-GEEN; € -   ; € -   ; € -   ; € -   ;0;-;;;;;
GBB-CBS;Gelijkblijvend beleid CBS;0600-00;Ruimtelijke planning;O;7470000;Werknemersinhouding maaltijdcheques;IE-GEEN; € 500,00 ; € 478,51 ; € 295,39 ; € 204,61 ;-183,12;-38,27 %;;;;;
GBB-CBS;Gelijkblijvend beleid CBS;0620-00;Grondbeleid voor wonen;O;7500000;Opbrengsten uit financiÃ«le vaste activa;IE-GEEN; € 500,00 ; € 500,00 ; € -   ; € 500,00 ;-500;-100,00 %;;;;;
GBB-CBS;Gelijkblijvend beleid CBS;0621-00;Bestrijding van krotwoningen;O;7406999;Overige specifieke projectsubsidies;IE-GEEN; € 115,00 ; € 113,00 ; € -   ; € 115,00 ;-113;-100,00 %;;;;;
GBB-CBS;Gelijkblijvend beleid CBS;0640-00;Elektriciteitsvoorziening;O;2810000;Belang. in intergem. samenwerk. en soortg. ent. - AW;IE6; € -   ; € 1.026.518,36 ; € -   ; € -   ;-1026518,36;-100,00 %;;;;;
GBB-CBS;Gelijkblijvend beleid CBS;0640-00;Elektriciteitsvoorziening;O;7500000;Opbrengsten uit financiÃ«le vaste activa;IE-GEEN; € 212.600,00 ; € 216.579,78 ; € 15.318,64 ; € 197.281,36 ;-201261,14;-92,93 %;;;;;
GBB-CBS;Gelijkblijvend beleid CBS;0640-00;Elektriciteitsvoorziening;O;7599999;Andere financiÃ«le opbrengsten;IE-GEEN; € -   ; € -   ; € -   ; € -   ;0;-;;;;;
GBB-CBS;Gelijkblijvend beleid CBS;0650-00;Gasvoorziening;O;2810000;Belang. in intergem. samenwerk. en soortg. ent. - AW;IE6; € -   ; € 275.222,24 ; € -   ; € -   ;-275222,24;-100,00 %;;;;;
GBB-CBS;Gelijkblijvend beleid CBS;0650-00;Gasvoorziening;O;7500000;Opbrengsten uit financiÃ«le vaste activa;IE-GEEN; € 64.600,00 ; € 63.895,29 ; € 4.867,06 ; € 59.732,94 ;-59028,23;-92,38 %;;;;;
GBB-CBS;Gelijkblijvend beleid CBS;0650-00;Gasvoorziening;O;7599999;Andere financiÃ«le opbrengsten;IE-GEEN; € -   ; € -   ; € -   ; € -   ;0;-;;;;;
GBB-CBS;Gelijkblijvend beleid CBS;0680-00;Groene ruimte;O;7402020;Subsidies sociale maribel;IE-GEEN; € -   ; € -   ; € -   ; € -   ;0;-;;;;;
GBB-CBS;Gelijkblijvend beleid CBS;0680-00;Groene ruimte;O;7405999;Overige werkingstoelage aangaande personeelsaangelegenheden;IE-GEEN; € -   ; € 472,31 ; € -   ; € -   ;-472,31;-100,00 %;;;;;
GBB-CBS;Gelijkblijvend beleid CBS;0680-00;Groene ruimte;O;7470000;Werknemersinhouding maaltijdcheques;IE-GEEN; € 2.100,00 ; € 2.265,02 ; € 1.291,65 ; € 808,35 ;-973,37;-42,97 %;;;;;
GBB-CBS;Gelijkblijvend beleid CBS;0690-00;Overige nutsvoorzieningen;O;7040999;Andere terugvorderingen en tussenkomsten;IE-GEEN; € 26.091,51 ; € 26.091,51 ; € -   ; € 26.091,51 ;-26091,51;-100,00 %;;;;;
GBB-CBS;Gelijkblijvend beleid CBS;0701-00;Cultuurcentrum;O;1780001;Lopende waarborgen zaalverhuur vanaf 2016;IE-GEEN; € -   ; € -   ; € 300,00 ; € -300,00 ;300;-;;;;;
GBB-CBS;Gelijkblijvend beleid CBS;0701-00;Cultuurcentrum;O;7000006;Verkoop van groene stroom;IE-GEEN; € -   ; € -   ; € -   ; € -   ;0;-;;;;;
GBB-CBS;Gelijkblijvend beleid CBS;0701-00;Cultuurcentrum;O;7000099;Opbrengsten uit andere verkopen;IE-GEEN; € -   ; € -   ; € 350,00 ; € -350,00 ;350;-;;;;;
GBB-CBS;Gelijkblijvend beleid CBS;0701-00;Cultuurcentrum;O;7040999;Andere terugvorderingen en tussenkomsten;IE-GEEN; € 600,00 ; € -818,45 ; € 1.178,80 ; € -578,80 ;1997,25;-244,03 %;;;;;
GBB-CBS;Gelijkblijvend beleid CBS;0701-00;Cultuurcentrum;O;7050001;Opbrengsten uit verhuur zalen en lokalen;IE-GEEN; € 49.500,00 ; € 49.080,00 ; € 24.596,00 ; € 24.904,00 ;-24484;-49,89 %;;;;;
GBB-CBS;Gelijkblijvend beleid CBS;0701-00;Cultuurcentrum;O;7404999;Overige algemene werkingssubsidies;IE-GEEN; € -   ; € 36.903,98 ; € -   ; € -   ;-36903,98;-100,00 %;;;;;
GBB-CBS;Gelijkblijvend beleid CBS;0701-00;Cultuurcentrum;O;7405002;Personeelssubsidies algemeen;IE-GEEN; € -   ; € 124.270,25 ; € -   ; € -   ;-124270,25;-100,00 %;;;;;
GBB-CBS;Gelijkblijvend beleid CBS;0701-00;Cultuurcentrum;O;7405999;Overige werkingstoelage aangaande personeelsaangelegenheden;IE-GEEN; € 3.532,45 ; € 381,82 ; € 3.368,31 ; € 164,14 ;2986,49;782,17 %;;;;;
GBB-CBS;Gelijkblijvend beleid CBS;0701-00;Cultuurcentrum;O;7409999;Overige specifieke werkingssubsidies;IE-GEEN; € -   ; € 9.321,31 ; € -   ; € -   ;-9321,31;-100,00 %;;;;;
GBB-CBS;Gelijkblijvend beleid CBS;0701-00;Cultuurcentrum;O;7470000;Werknemersinhouding maaltijdcheques;IE-GEEN; € -   ; € -   ; € -   ; € -   ;0;-;;;;;
GBB-CBS;Gelijkblijvend beleid CBS;0703-00;Openbare bibliotheken;O;7000001;Verkoop van collecties;IE-GEEN; € 400,00 ; € 410,00 ; € 403,00 ; € -3,00 ;-7;-1,71 %;;;;;
GBB-CBS;Gelijkblijvend beleid CBS;0703-00;Openbare bibliotheken;O;7020999;Opbrengsten uit andere prestaties;IE-GEEN; € 23.000,00 ; € 24.781,07 ; € 13.055,69 ; € 9.944,31 ;-11725,38;-47,32 %;;;;;
GBB-CBS;Gelijkblijvend beleid CBS;0703-00;Openbare bibliotheken;O;7390001;Boetes;IE-GEEN; € -   ; € 90,00 ; € -   ; € -   ;-90;-100,00 %;;;;;
GBB-CBS;Gelijkblijvend beleid CBS;0703-00;Openbare bibliotheken;O;7402020;Subsidies sociale maribel;IE-GEEN; € -   ; € -   ; € -   ; € -   ;0;-;;;;;
GBB-CBS;Gelijkblijvend beleid CBS;0703-00;Openbare bibliotheken;O;7404999;Overige algemene werkingssubsidies;IE-GEEN; € 1.580,00 ; € 1.505,30 ; € -   ; € 1.580,00 ;-1505,3;-100,00 %;;;;;
GBB-CBS;Gelijkblijvend beleid CBS;0703-00;Openbare bibliotheken;O;7405002;Personeelssubsidies algemeen;IE-GEEN; € -   ; € 53.691,59 ; € -   ; € -   ;-53691,59;-100,00 %;;;;;
GBB-CBS;Gelijkblijvend beleid CBS;0703-00;Openbare bibliotheken;O;7405999;Overige werkingstoelage aangaande personeelsaangelegenheden;IE-GEEN; € 1.004,81 ; € 357,61 ; € 1.071,45 ; € -66,64 ;713,84;199,61 %;;;;;
GBB-CBS;Gelijkblijvend beleid CBS;0703-00;Openbare bibliotheken;O;7406999;Overige specifieke projectsubsidies;IE-GEEN; € 1.000,00 ; € 921,61 ; € 850,00 ; € 150,00 ;-71,61;-7,77 %;;;;;
GBB-CBS;Gelijkblijvend beleid CBS;0703-00;Openbare bibliotheken;O;7470000;Werknemersinhouding maaltijdcheques;IE-GEEN; € 750,00 ; € 773,90 ; € 497,04 ; € 252,96 ;-276,86;-35,77 %;;;;;
GBB-CBS;Gelijkblijvend beleid CBS;0709-00;Overige culturele instellingen;O;7000006;Verkoop van groene stroom;IE-GEEN; € 2.000,00 ; € -   ; € -   ; € 2.000,00 ;0;-;;;;;
GBB-CBS;Gelijkblijvend beleid CBS;0709-00;Overige culturele instellingen;O;7000099;Opbrengsten uit andere verkopen;IE-GEEN; € -   ; € 25,50 ; € 21,00 ; € -21,00 ;-4,5;-17,65 %;;;;;
GBB-CBS;Gelijkblijvend beleid CBS;0709-00;Overige culturele instellingen;O;7060001;Opbrengsten uit concessies;IE-GEEN; € 30.500,00 ; € 29.429,10 ; € 14.761,74 ; € 15.738,26 ;-14667,36;-49,84 %;;;;;
GBB-CBS;Gelijkblijvend beleid CBS;0709-00;Overige culturele instellingen;O;7070000;Doorfacturatie - nutsvoorzieningen;IE-GEEN; € 6.900,00 ; € 3.078,39 ; € 3.937,00 ; € 2.963,00 ;858,61;27,89 %;; € -1.500,00 ; € 5.400,00 ;rekening 2015 en svz 2016;idem
GBB-CBS;Gelijkblijvend beleid CBS;0710-00;Feesten en plechtigheden;O;7000099;Opbrengsten uit andere verkopen;IE-GEEN; € -   ; € -   ; € -   ; € -   ;0;-;;;;;
GBB-CBS;Gelijkblijvend beleid CBS;0710-00;Feesten en plechtigheden;O;7450000;Recuperaties van kosten;IE-GEEN; € -   ; € 67,15 ; € -   ; € -   ;-67,15;-100,00 %;;;;;
GBB-CBS;Gelijkblijvend beleid CBS;0720-00;Monumentenzorg;O;1500000;Investeringssubsidies en -schenkingen in kapitaal met vordering op korte termijn;IE6; € 722,15 ; € 4.877,85 ; € -   ; € 722,15 ;-4877,85;-100,00 %;;;;;
GBB-CBS;Gelijkblijvend beleid CBS;0740-00;Sport;O;4943000;Vorderingen wegens toegestane leningen die binnen het jaar vervallen;IE-GEEN; € 18.282,44 ; € 18.282,44 ; € -   ; € 18.282,44 ;-18282,44;-100,00 %;;;;;
GBB-CBS;Gelijkblijvend beleid CBS;0740-00;Sport;O;7010002;Inschrijvingsgelden;IE-GEEN; € 55.000,00 ; € 48.717,30 ; € 28.262,70 ; € 26.737,30 ;-20454,6;-41,99 %;;;;;
GBB-CBS;Gelijkblijvend beleid CBS;0740-00;Sport;O;7040999;Andere terugvorderingen en tussenkomsten;IE-GEEN; € 5.046,50 ; € -   ; € -   ; € 5.046,50 ;0;-;;;;;
GBB-CBS;Gelijkblijvend beleid CBS;0740-00;Sport;O;7050001;Opbrengsten uit verhuur zalen en lokalen;IE-GEEN; € 29.700,00 ; € 35.066,00 ; € 3.769,50 ; € 25.930,50 ;-31296,5;-89,25 %;;;;;
GBB-CBS;Gelijkblijvend beleid CBS;0740-00;Sport;O;7060999;Andere opbrengsten uit concessie en verleende rechten;IE-GEEN; € 207.619,98 ; € 201.619,80 ; € 100.809,90 ; € 106.810,08 ;-100809,9;-50,00 %;;;;;
GBB-CBS;Gelijkblijvend beleid CBS;0740-00;Sport;O;7404999;Overige algemene werkingssubsidies;IE-GEEN; € -   ; € 22.064,40 ; € -   ; € -   ;-22064,4;-100,00 %;;;;;
GBB-CBS;Gelijkblijvend beleid CBS;0740-00;Sport;O;7405999;Overige werkingstoelage aangaande personeelsaangelegenheden;IE-GEEN; € 2.115,28 ; € 254,54 ; € 2.245,54 ; € -130,26 ;1991;782,20 %;;;;;
GBB-CBS;Gelijkblijvend beleid CBS;0740-00;Sport;O;7406999;Overige specifieke projectsubsidies;IE-GEEN; € 7.569,75 ; € -   ; € -   ; € 7.569,75 ;0;-;;;;;
GBB-CBS;Gelijkblijvend beleid CBS;0740-00;Sport;O;7470000;Werknemersinhouding maaltijdcheques;IE-GEEN; € 1.100,00 ; € 1.128,15 ; € 705,23 ; € 394,77 ;-422,92;-37,49 %;;;;;
GBB-CBS;Gelijkblijvend beleid CBS;0740-00;Sport;O;7590000;Intresten op toegestane leningen;IE-GEEN; € -   ; € -   ; € -   ; € -   ;0;-;;;;;
GBB-CBS;Gelijkblijvend beleid CBS;0750-00;Jeugd;O;7010002;Inschrijvingsgelden;IE-GEEN; € 14.000,00 ; € 10.699,21 ; € 7.504,00 ; € 6.496,00 ;-3195,21;-29,86 %;;;;;
GBB-CBS;Gelijkblijvend beleid CBS;0750-00;Jeugd;O;7040999;Andere terugvorderingen en tussenkomsten;IE-GEEN; € -   ; € 2.734,60 ; € -   ; € -   ;-2734,6;-100,00 %;;;;;
GBB-CBS;Gelijkblijvend beleid CBS;0750-00;Jeugd;O;7050001;Opbrengsten uit verhuur zalen en lokalen;IE-GEEN; € 1.750,00 ; € -   ; € -   ; € 1.750,00 ;0;-;;;;;
GBB-CBS;Gelijkblijvend beleid CBS;0750-00;Jeugd;O;7050002;Opbrengsten uit verhuur woningen en flats;IE-GEEN; € -   ; € 1.000,00 ; € -   ; € -   ;-1000;-100,00 %;;;;;
GBB-CBS;Gelijkblijvend beleid CBS;0750-00;Jeugd;O;7402020;Subsidies sociale maribel;IE-GEEN; € -   ; € -   ; € -   ; € -   ;0;-;;;;;
GBB-CBS;Gelijkblijvend beleid CBS;0750-00;Jeugd;O;7404999;Overige algemene werkingssubsidies;IE-GEEN; € -   ; € 16.639,19 ; € -   ; € -   ;-16639,19;-100,00 %;;;;;
GBB-CBS;Gelijkblijvend beleid CBS;0750-00;Jeugd;O;7405999;Overige werkingstoelage aangaande personeelsaangelegenheden;IE-GEEN; € 353,54 ; € 508,67 ; € 320,79 ; € 32,75 ;-187,88;-36,94 %;;;;;
GBB-CBS;Gelijkblijvend beleid CBS;0750-00;Jeugd;O;7470000;Werknemersinhouding maaltijdcheques;IE-GEEN; € 200,00 ; € 236,53 ; € 129,71 ; € 70,29 ;-106,82;-45,16 %;;;;;
GBB-CBS;Gelijkblijvend beleid CBS;0790-00;Erediensten;O;7479999;Overige diverse operationele kosten;IE-GEEN; € -   ; € 530,39 ; € -   ; € -   ;-530,39;-100,00 %;;;;;
GBB-CBS;Gelijkblijvend beleid CBS;0800-00;Gewoon basisonderwijs;O;7040002;Tussenkomsten van ouders in de maaltijden;IE-GEEN; € 25.000,00 ; € 28.751,01 ; € 14.790,48 ; € 10.209,52 ;-13960,53;-48,56 %;; € 3.000,00 ; € 28.000,00 ;vaststelling rekening 2015;idem
GBB-CBS;Gelijkblijvend beleid CBS;0800-00;Gewoon basisonderwijs;O;7040003;Tussenkomsten van ouders in het toezicht en de bijlessen;IE-GEEN; € 25.000,00 ; € 25.617,00 ; € 28.259,50 ; € -3.259,50 ;2642,5;10,32 %;; € 3.259,50 ; € 28.259,50 ;bijdragen ouders opvang;
GBB-CBS;Gelijkblijvend beleid CBS;0800-00;Gewoon basisonderwijs;O;7406999;Overige specifieke projectsubsidies;IE-GEEN; € 1.000,00 ; € 1.004,00 ; € 306,58 ; € 693,42 ;-697,42;-69,46 %;;;;;
GBB-CBS;Gelijkblijvend beleid CBS;0800-00;Gewoon basisonderwijs;O;7470000;Werknemersinhouding maaltijdcheques;IE-GEEN; € 300,00 ; € 132,98 ; € 91,56 ; € 208,44 ;-41,42;-31,15 %;;;;;
GBB-CBS;Gelijkblijvend beleid CBS;0800-01;Kleuteronderwijs;O;7000006;Verkoop van groene stroom;IE-GEEN; € 2.000,00 ; € -   ; € -   ; € 2.000,00 ;0;-;;;;;
GBB-CBS;Gelijkblijvend beleid CBS;0800-01;Kleuteronderwijs;O;7404999;Overige algemene werkingssubsidies;IE-GEEN; € 72.000,00 ; € 69.815,79 ; € 63.659,55 ; € 8.340,45 ;-6156,24;-8,82 %;;;;;
GBB-CBS;Gelijkblijvend beleid CBS;0800-01;Kleuteronderwijs;O;7405004;Bijdragen van de overheid voor de bezoldiging van het onderwijzend personeel;IE-GEEN; € 491.231,62 ; € 540.235,15 ; € -   ; € 491.231,62 ;-540235,15;-100,00 %;; € 58.768,38 ; € 550.000,00 ;Verhoging vastgesteld bij rekening 2015 - zowel in als uit;idem
GBB-CBS;Gelijkblijvend beleid CBS;0800-02;Lager onderwijs;O;7000006;Verkoop van groene stroom;IE-GEEN; € 5.000,00 ; € -   ; € -   ; € 5.000,00 ;0;-;;;;;
GBB-CBS;Gelijkblijvend beleid CBS;0800-02;Lager onderwijs;O;7404999;Overige algemene werkingssubsidies;IE-GEEN; € 166.748,82 ; € 157.855,20 ; € 158.175,90 ; € 8.572,92 ;320,7;0,20 %;;;;;
GBB-CBS;Gelijkblijvend beleid CBS;0800-02;Lager onderwijs;O;7405004;Bijdragen van de overheid voor de bezoldiging van het onderwijzend personeel;IE-GEEN; € 831.075,45 ; € 851.939,35 ; € -   ; € 831.075,45 ;-851939,35;-100,00 %;; € 38.924,55 ; € 870.000,00 ;Verhoging vastgesteld bij rekening 2015 - zowel in als uit;idem
GBB-CBS;Gelijkblijvend beleid CBS;0870-00;Ochtend- en avondtoezicht;O;7470000;Werknemersinhouding maaltijdcheques;IE-GEEN; € -   ; € -   ; € -   ; € -   ;0;-;;;;;
GBB-CBS;Gelijkblijvend beleid CBS;0909-00;Overige verrichtingen inzake sociaal beleid;O;1500000;Investeringssubsidies en -schenkingen in kapitaal met vordering op korte termijn;IE6; € -   ; € -   ; € -   ; € -   ;0;-;;;;;
GBB-CBS;Gelijkblijvend beleid CBS;0990-00;Begraafplaatsen;O;7000099;Opbrengsten uit andere verkopen;IE-GEEN; € 1.000,00 ; € -   ; € -   ; € 1.000,00 ;0;-;;;;;
GBB-CBS;Gelijkblijvend beleid CBS;0990-00;Begraafplaatsen;O;7040999;Andere terugvorderingen en tussenkomsten;IE-GEEN; € 100,00 ; € 110,28 ; € 73,52 ; € 26,48 ;-36,76;-33,33 %;;;;;
GBB-CBS;Gelijkblijvend beleid CBS;0990-00;Begraafplaatsen;O;7060001;Opbrengsten uit concessies;IE-GEEN; € 15.000,00 ; € 28.310,00 ; € 6.775,00 ; € 8.225,00 ;-21535;-76,07 %;;;;;
5.1.1.3;Stapsgewijs uitbreiden van het aanbod aan smartboards in de klassen;0800-02;Lager onderwijs;O;1500000;Investeringssubsidies en -schenkingen in kapitaal met vordering op korte termijn;IE6; € -   ;;;;;;; € 12.500,00 ; € 12.500,00 ;aankoop 2 smartboards 3de leerjaar door ouderraad;elk jaar 1 bord gefinancierd door ouderraad
GBB-CBS;Gelijkblijvend beleid CBS;0010-00;Algemene overdrachten tussen de verschillende bestuurlijke niveaus;O;7404999;Bijdrage gesubsidieerde contractuelen;IE-GEEN; € -   ;;;;;;; € 357.129,98 ; € 357.129,98 ;Wijziging AR : 7404999 ipv 7405001;idem
