Code;Actie;Actie omschrijving;Beleidsitem code;Algemene rekening;Algemene rekening omschrijving;Investeringsenveloppe;Omschrijving budgetboekjaar;2014;2015;2016;2017;2018;2019;2020;2021;2022;2023;;totaal per project;;;;;;;;
BP2014_2023-5./1.2.3.1/0119-00/2140007/BESTUUR/CBS/IE1/U;1.2.3.1;In gebruik nemen van het nieuw gemeentehuis;0119-00;2140007;Plannen en studies - Activa in aanbouw;IE1;Plannen en studies - Activa in aanbouw;107507.97;88042.02;111892.66;10614.86;0;15039.95;;;;;;333097.46000000002;;;;;;;;
BP2014_2023-5./1.2.3.1/0119-00/2210107/BESTUUR/CBS/IE1/U;1.2.3.1;In gebruik nemen van het nieuw gemeentehuis;0119-00;2210107;Gebouwen - administratieve gebouwen - gemeenschapsgoederen - Activa in aanbouw;IE1;Overdracht krediet van 2017 naar 2018;1071849.99;3233972.05;954209.28000000003;18327.59;141083.99;;;;;;;5419442.9000000004;;141083.99;;;;;;
BP2014_2023-5./1.2.3.1/0119-00/2240007/BESTUUR/CBS/IE1/U;1.2.3.1;In gebruik nemen van het nieuw gemeentehuis;0119-00;2240007;Wegen - Activa in aanbouw;IE1;Wegen - Activa in aanbouw;;;155513.99;30645.33;;;;;;;;186159.32;;;;;;;;
BP2014_2023-5./1.2.3.1/0119-00/2400000/BESTUUR/CBS/IE1/U;1.2.3.1;In gebruik nemen van het nieuw gemeentehuis;0119-00;2400000;Meubilair - gemeenschapsgoederen;IE1;Overdracht krediet van 2015 naar 2016;;;236673.76;11919.37;400;12000;;;;;;260993.13;;;;;;;;
BP2014_2023-5./1.2.3.2/0119-00/2410000/BESTUUR/CBS/IE1/U;1.2.3.2;Uniformiseren van de ICT-infrastructuur en optimaliseren van de digitale communicatie;0119-00;2410000;Informaticamaterieel - gemeenschapsgoederen;IE1;aankopen IT materiaal;32043.61;97464.63;149816.63;1512.5;25000;86000;40000;120000;10000;10000;;571837.37;;;;;;;;
BP2014_2023-5./3.1.1.4/0200-00/2140007/BESTUUR/CBS/IE2/U;3.1.1.4;Ondersteunen van de realisatie van â˜Mevrouwkensveldâ™;0200-00;2140007;Plannen en studies - Activa in aanbouw;IE2;Overdracht krediet van 2017 naar 2018;;947.81;710.86;-333.15;1717.5;1956.98;;;;;;5000;;;;;;;;
BP2014_2023-5./3.1.1.4/0200-00/2240007/BESTUUR/CBS/IE2/U;3.1.1.4;Ondersteunen van de realisatie van â˜Mevrouwkensveldâ™;0200-00;2240007;Wegen - Activa in aanbouw;IE2;Aandeel wegenis Mevrouwkesveld;;;;;0;84000;;;;;;84000;;;;;;;;
BP2014_2023-5./3.1.1.6/0620-00/2200000/BESTUUR/CBS/IE2/U;3.1.1.6;Ondersteunen van de realisatie van â˜Bruulverkavelingâ™ â“ 3de fase;0620-00;2200000;Onbebouwde terreinen - gemeenschapsgoederen;IE2;Onbebouwde terreinen - gemeenschapsgoederen;;;;;26500;;;;;;;26500;;;;;;;;
BP2014_2023-5./3.2.1.1/0200-00/2140007/BESTUUR/CBS/IE3/U;3.2.1.1;Aanleggen van een hoofdfietsroute Leuven-Tienen, aandeel Bierbeek;0200-00;2140007;Plannen en studies - Activa in aanbouw;IE3;Plannen en studies - Activa in aanbouw;1339.09;21870.81;18797.16;;;;;;;;;42007.06;;;;;;;;
BP2014_2023-5./3.2.1.1/0200-00/2240000/BESTUUR/CBS/IE3/U;3.2.1.1;Aanleggen van een hoofdfietsroute Leuven-Tienen, aandeel Bierbeek;0200-00;2240000;Wegen;IE3;Wegen;;;;;;;100000;0;;;;100000;;;;;;;;
BP2014_2023-5./3.2.1.1/0200-00/2240007/BESTUUR/CBS/IE3/U;3.2.1.1;Aanleggen van een hoofdfietsroute Leuven-Tienen, aandeel Bierbeek;0200-00;2240007;Wegen - Activa in aanbouw;IE3;Wegen - Activa in aanbouw;;;;;;;0;31534.6;;;;31534.6;;;;;;;;
BP2014_2023-5./3.2.1.2/0200-00/2240007/BESTUUR/CBS/IE3/U;3.2.1.2;Aanleg van fietspaden langs de Tiensesteenweg tussen de Kerselaarlaan en de grens met Boutersem;0200-00;2240007;Wegen - Activa in aanbouw;IE3;Uitvoering fietspad Tiensesteenweg;;;;;0;0;2776950;;;;;2776950;;;;;;;;
BP2014_2023-5./3.2.1.3/0200-00/2140007/BESTUUR/CBS/IE3/U;3.2.1.3;Aanleg van fietspaden langs de Pellenbergstraat;0200-00;2140007;Plannen en studies - Activa in aanbouw;IE3;Plannen en studies - Activa in aanbouw;2881.41;17277.36;6202.4;4877.28;19999.999999999996;28999.02;;;;;;80237.47;;;;;;;;
BP2014_2023-5./3.2.1.3/0200-00/2200100/BESTUUR/CBS/IE3/U;3.2.1.3;Aanleg van fietspaden langs de Pellenbergstraat;0200-00;2200100;Onbebouwde terreinen - landbouwgronden - gemeenschapsgoederen;IE3;Onbebouwde terreinen - landbouwgronden - gemeenschapsgoederen;;;;;0;206654.42;;;;;;206654.42;;;;;;;;
BP2014_2023-5./3.2.1.3/0200-00/2240007/BESTUUR/CBS/IE3/U;3.2.1.3;Aanleg van fietspaden langs de Pellenbergstraat;0200-00;2240007;Wegen - Activa in aanbouw;IE3;Uitvoering fietspad Pellenberg;;;;;-3.3333333267364651E-3;351631.45;;;;;;351631.44666666666;;;;;;;;
BP2014_2023-5./3.2.1.4/0200-00/2240007/BESTUUR/CBS/IE3/U;3.2.1.4;Aanleg van fietspaden langs de Lovenjoelsestraat tussen de Weterbeekstraat en de Bruulstraat;0200-00;2240007;Wegen - Activa in aanbouw;IE3;Uitvoering weg en fietspad Lovenjoelsestraat;;;;;0;364867.43;182433.72;;;;;547301.15;;;;;;;;
BP2014_2023-5./3.2.1.5/0200-00/2140007/BESTUUR/CBS/IE3/U;3.2.1.5;Opstarten en uitvoeren van fietspadendossiers;0200-00;2140007;Plannen en studies - Activa in aanbouw;IE3;Studiekosten diverse fietspaden;10030;22267.67;15450.93;29036.67;30844.490000000005;50000;50000;70000;;;;277629.76;;;;;;;;
BP2014_2023-5./3.2.1.5/0200-00/2200100/BESTUUR/CBS/IE3/U;3.2.1.5;Opstarten en uitvoeren van fietspadendossiers;0200-00;2200100;Onbebouwde terreinen - landbouwgronden - gemeenschapsgoederen;IE3;Onbebouwde terreinen - landbouwgronden - gemeenschapsgoederen;;;;;3000;28180;;;;;;31180;;;;;;;;
BP2014_2023-5./3.2.1.5/0200-00/2240007/BESTUUR/CBS/IE3/U;3.2.1.5;Opstarten en uitvoeren van fietspadendossiers;0200-00;2240007;Wegen - Activa in aanbouw;IE3;uitvoering fietspaden Opvelpse- en Neervelpsestraat;;;;168775.02;499056.005;824707.45;1669950.6600000001;;;;;3162489.1350000002;;;;;;;;
BP2014_2023-5./3.2.1.7/0200-00/2140007/BESTUUR/CBS/IE3/U;3.2.1.7;Heraanleggen van wegen;0200-00;2140007;Plannen en studies - Activa in aanbouw;IE3;studiekosten wegenwerken;;;;8043.41;16956.589999999997;30000;;;;;;55000;;;;;;;;
BP2014_2023-5./3.2.1.7/0200-00/2240007/BESTUUR/CBS/IE3/U;3.2.1.7;Heraanleggen van wegen;0200-00;2240007;Wegen - Activa in aanbouw;IE3;Heraanleg diverse wegen;42284.93;352871.72;272805.77;0;105906.54999999987;1606233.3539999998;771664.98400000005;200000;200000;200000;;3751767.3079999997;;Holleweg 2019 nog update te ontvangen;;;;;;
BP2014_2023-5./3.2.1.10/0200-00/2240007/BESTUUR/CBS/IE3/U;3.2.1.10;Inventariseren, opmaken en uitvoeren van een onderhoudsplan voor wegen en paden;0200-00;2240007;Wegen - Activa in aanbouw;IE3;Onderhoud wegen;48985.2;96136.84;115507.44;308240.09000000003;72135.06;130000;130000;130000;130000;130000;;1291004.6300000001;;te bekijken met Jan;;;;;;
BP2014_2023-5./3.2.1.14/0290-00/2250000/BESTUUR/CBS/IE3/U;3.2.1.14;Optimaliseren van de schoolomgevingen;0290-00;2250000;Overige infrastructuur betreffende de wegen;IE3;Overige infrastructuur betreffende de wegen;;;;5735.4;55250.42;;;;;;;60985.82;;;;;;;;
BP2014_2023-5./3.2.2.1/0200-00/2240007/BESTUUR/CBS/IE3/U;3.2.2.1;Opmaken en uitvoeren van een actieplan Trage Wegen;0200-00;2240007;Wegen - Activa in aanbouw;IE3;Wegen - Activa in aanbouw;;;;;0;38000;;;;;;38000;;;;;;;;
BP2014_2023-5./3.2.2.2/0210-00/2250000/BESTUUR/CBS/IE3/U;3.2.2.2;Promoten van het openbaar vervoer;0210-00;2250000;Overige infrastructuur betreffende de wegen;IE3;Schuilhuisjes;;;;5988.28;0;5000;5000;5000;5000;5000;;30988.28;;nog schuilhuisjes 2018 - checken Jan?;;;;;;
BP2014_2023-5./3.2.3.1/0200-00/2240007/BESTUUR/CBS/IE3/U;3.2.3.1;Herinrichten van de Panoramalaan;0200-00;2240007;Wegen - Activa in aanbouw;IE3;Overdracht krediet van 2017 naar 2018;;;;335888.41;13388.299999999996;;;;;;;349276.70999999996;;;;;;;;
BP2014_2023-5./3.2.4.1/0200-00/2240007/BESTUUR/CBS/IE3/U;3.2.4.1;Herinrichten van de Pastoriestraat;0200-00;2240007;Wegen - Activa in aanbouw;IE3;Wegen - Activa in aanbouw;;32776.239999999998;;51869.68;435.3;;;;;;;85081.22;;;;;;;;
BP2014_2023-5./3.2.4.3/0200-00/2250000/BESTUUR/CBS/IE3/U;3.2.4.3;Voeren van meetcampagnes;0200-00;2250000;Overige infrastructuur betreffende de wegen;IE3;Overdracht krediet van 2017 naar 2018;;;;;6150;3750;;3750;;3750;;17400;;;;;;;;
BP2014_2023-5./3.3.1.1/0200-00/2240007/BESTUUR/CBS/IE6/U;3.3.1.1;Uitvoeren van verbeteringswerken in de dorpskern van Lovenjoel;0200-00;2240007;Wegen - Activa in aanbouw;IE6;voetpad Keizerstraat en dorpskern Lovenjoel;;57103.43;60540.66;0;0;170000;400000;;;;;687644.09;;;;;;;;
BP2014_2023-5./3.3.1.3/0610-00/2140000/BESTUUR/CBS/IE6/U;3.3.1.3;Opmaken en uitvoeren van RUP Sint-Kamillus;0610-00;2140000;Plannen en studies;IE6;Overdracht krediet van 2017 naar 2018;;;;;19000;11000;;;;;;30000;;;;;;;;
BP2014_2023-5./3.3.1.4/0610-00/2140000/BESTUUR/CBS/IE6/U;3.3.1.4;Opmaken en uitvoeren van RUP voor zonevreemde gebouwen en constructies;0610-00;2140000;Plannen en studies;IE6;Overdracht krediet van 2017 naar 2018;;;;;18000;12000;;;;;;30000;;;;;;;;
BP2014_2023-5./3.3.1.5/0610-00/2140000/BESTUUR/CBS/IE6/U;3.3.1.5;Opmaken en uitvoeren van RUP kerkhoven/containerparken/scholen;0610-00;2140000;Plannen en studies;IE6;Overdracht krediet van 2017 naar 2018;;;;;0;;;;;;;0;;;;;;;;
BP2014_2023-5./3.3.1.6/0610-00/2140000/BESTUUR/CBS/IE6/U;3.3.1.6;Opmaken en uitvoeren van RUP voetbalterreinen Bierbeek/Lovenjoel;0610-00;2140000;Plannen en studies;IE6;Overdracht krediet van 2017 naar 2018;;;;;0;;;;;;;0;;;;;;;;
BP2014_2023-5./3.3.1.7/0530-00/2240007/BESTUUR/CBS/IE6/U;3.3.1.7;Participeren in de ruilverkaveling Willebringen;0530-00;2240007;Wegen - Activa in aanbouw;IE6;Deelname Ruilverkaveling Willebringen;;51408;51408;85680;85680;85680;70000;70000;70000;70000;;639856;;tem 2024 70k per jaar;;;;;;
BP2014_2023-5./3.3.1.8/0680-00/2140007/BESTUUR/CBS/IE6/U;3.3.1.8;Inrichten en aanleggen van het binnengebied in Opvelp;0680-00;2140007;Plannen en studies - Activa in aanbouw;IE6;Plannen en studies - Activa in aanbouw;;;5611.98;;;;;;;;;5611.98;;;;;;;;
BP2014_2023-5./3.3.1.8/0680-00/2200400/BESTUUR/CBS/IE6/U;3.3.1.8;Inrichten en aanleggen van het binnengebied in Opvelp;0680-00;2200400;Onbebouwde terreinen - parken & tuinen - gemeenschapsgoederen;IE6;Onbebouwde terreinen - parken & tuinen - gemeenschapsgoederen;82187.92;29388.6;6069.8;;;;;;;;;117646.31999999999;;;;;;;;
BP2014_2023-5./3.3.1.9/0119-00/2240007/BESTUUR/CBS/IE6/U;3.3.1.9;Herinrichten van de bovenparking van de Borre;0119-00;2200900;Onbebouwde terreinen - andere terreinen - gemeenschapsgoederen - parkings;IE6;;;;;;;225000;;;;;;225000;;nog update van Jan te ontvangen;;;;;;
BP2014_2023-5./3.3.1.9/0200-00/2140007/BESTUUR/CBS/IE6/U;3.3.1.9;Herinrichten van de bovenparking van de Borre;0200-00;2140007;Plannen en studies - Activa in aanbouw;IE6;Overdracht krediet van 2015 naar 2016;;;;;10000;10000;;;;;;20000;;;;;;;;
BP2014_2023-5./3.3.2.5/0340-00/6640000/BESTUUR/CBS/IE6/U;3.3.2.5;Verwerven van gronden in het kader van natuurbehoud;0340-00;6640000;Toegestane investeringssubsidies;IE6;Aankoop bosgronden en milieureservaten;;;;;2258.12;5000;5000;;5000;;;17258.12;;;;;;;;
BP2014_2023-5./3.3.2.7/0329-00/2300000/BESTUUR/CBS/IE6/U;3.3.2.7;Optimaliseren van het handhavingsbeleid en de klachtenbehandeling inzake leefmilieu;0329-00;2300000;Installaties, machines en uitrusting - gemeenschapsgoederen;IE6;Installaties, machines en uitrusting - gemeenschapsgoederen;;;3928.75;;;;;;;;;3928.75;;;;;;;;
BP2014_2023-5./3.3.3.1/0750-00/2400000/BESTUUR/CBS/IE6/U;3.3.3.1;Aanleggen en onderhouden van gemeentelijke speelterreinen;0750-00;2400000;Meubilair - gemeenschapsgoederen;IE6;aanleg  speelpleinen;;;;;0;;6000;;0;;;6000;;;;;;;;
BP2014_2023-5./3.3.3.2/0750-00/2400000/BESTUUR/CBS/IE6/U;3.3.3.2;Aankopen van speeltoestellen;0750-00;2400000;Meubilair - gemeenschapsgoederen;IE6;aankoop van speeltoestellen (inrichting speelpleinen);2928.2;7980.85;;14723.09;3702.6;22000;23000;50000;6000;12000;;142334.74;;;;;;;;
BP2014_2023-5./3.3.4.1/0310-00/2140007/BESTUUR/CBS/IE6/U;3.3.4.1;Aanleggen en verbeteren van rioleringen;0310-00;2140007;Plannen en studies - Activa in aanbouw;IE6;Heraanleg Groenstr,Herpendalstr en Dreefstraat (incl. riolering) studiekosten;;;2357.5300000000002;42354.68;49999.999999999993;77900;93000;27227.68;;;;292839.88999999996;272676.91400000005;;;;;;;
BP2014_2023-5./3.3.4.1/0310-00/2280007/BESTUUR/CBS/IE6/U;3.3.4.1;Aanleggen en verbeteren van rioleringen;0310-00;2280007;Riolering - Activa in aanbouw;IE6;riolering diverse straten en ev. heraanleg straat;;;;178864.54;89000;847644.28;2000288.57;825910;;;;3941707.39;;909938.25;;1632994.6;;157510;;668400
BP2014_2023-5./3.3.4.2/0341-00/2203000/BESTUUR/CBS/IE6/U;3.3.4.2;Aanleggen van waterbufferbekkens in het kader van erosie;0341-00;2203000;Terreinen van waterlopen - gemeenschapsgoederen;IE6;Terreinen van waterlopen - gemeenschapsgoederen;;;;;0;101000;;;;;;101000;;;;;;;;
BP2014_2023-5./3.3.4.3/0341-00/2140000/BESTUUR/CBS/IE6/U;3.3.4.3;Nemen van andere maatregelen in het kader van erosiebestrijding;0341-00;2140000;Plannen en studies;IE6;Overdracht krediet van 2017 naar 2018;;;;;0;;;;;;;0;mag dit niet weg?;;;;;;;
BP2014_2023-5./3.3.4.3/0341-00/2200100/BESTUUR/CBS/IE6/U;3.3.4.3;Nemen van andere maatregelen in het kader van erosiebestrijding;0341-00;2200100;Onbebouwde terreinen - landbouwgronden - gemeenschapsgoederen;IE6;Onbebouwde terreinen - landbouwgronden - gemeenschapsgoederen;;;;;6600;;;;;;;6600;;;;;;;;
BP2014_2023-5./3.3.4.3/0341-00/2203000/BESTUUR/CBS/IE6/U;3.3.4.3;Nemen van andere maatregelen in het kader van erosiebestrijding;0341-00;2203000;Terreinen van waterlopen - gemeenschapsgoederen;IE6;Erosiebestrijding;;;;;0;239000;;;;;;239000;;146;;;;;;
BP2014_2023-5./3.3.4.4/0319-00/2203000/BESTUUR/CBS/IE6/U;3.3.4.4;Voeren van een milieuvriendelijk waterlopenbeheer;0319-00;2203000;Terreinen van waterlopen - gemeenschapsgoederen;IE6;Terreinen van waterlopen - gemeenschapsgoederen;;;;;0;10000;;;;;;10000;;;;;;;;
BP2014_2023-5./3.3.4.5/0310-00/2280007/BESTUUR/CBS/IE6/U;3.3.4.5;Bouwen en onderhouden van installaties voor individuele afvalwaterzuivering;0310-00;2280007;Riolering - Activa in aanbouw;IE6;Aankoop IBA's;5596.16;13134.89;7835.76;8147.66;55681.69;20000;20000;20000;20000;20000;;190396.16;;;;;;;;
BP2014_2023-5./3.4.3.1/0309-00/2220007/BESTUUR/CBS/IE6/U;3.4.3.1;Optimaliseren van het gemeentelijk containerpark en de groencompostering in eigen beheer;0309-00;2220007;Bebouwde terreinen - gemeenschapsgoederen - Activa in aanbouw;IE6;Overdracht krediet van 2016 naar 2017;;;23443.75;;0;3500;;;;;;26943.75;;;;;;;;
BP2014_2023-5./3.4.3.1/0309-00/2300000/BESTUUR/CBS/IE6/U;3.4.3.1;Optimaliseren van het gemeentelijk containerpark en de groencompostering in eigen beheer;0309-00;2300000;Installaties, machines en uitrusting - gemeenschapsgoederen;IE6;elektrische tanspallet voor op CP;;;;;2776.95;;;;;;;2776.95;;;;;;;;
BP2014_2023-5./3.5.1.2/0610-00/2140000/BESTUUR/CBS/IE4/U;3.5.1.2;Opmaken en uitvoeren van een RUP herstructurering oude melkerij Bierbeek;0610-00;2140000;Plannen en studies;IE4;Plannen en studies;;;;;11000;19000;;;;;;30000;;;;;;;;
BP2014_2023-5./3.5.3.6/0200-00/2240000/BESTUUR/CBS/IE4/U;3.5.3.6;Verbeteren van de toegankelijkheid van het Bruulbos;0200-00;2240000;Wegen;IE4;Wegen;;;;;0;50000;;;;;;50000;;;;;;;;
BP2014_2023-5./4.1.2.1/0701-00/2400000/BESTUUR/CBS/IE5/U;4.1.2.1;Uitbreiden en onderhouden van de vrijetijdsinfrastructuur;0701-00;2400000;Meubilair - gemeenschapsgoederen;IE5;theatertechnische investeringen;4714.99;;8950.4699999999993;;38962;15538;5000;25000;25000;25000;;148165.46;;;;;;;;
BP2014_2023-5./4.1.2.1/0701-00/2420000/BESTUUR/CBS/IE5/U;4.1.2.1;Uitbreiden en onderhouden van de vrijetijdsinfrastructuur;0701-00;2420000;Kantooruitrusting - gemeenschapsgoederen;IE5;Kantooruitrusting - gemeenschapsgoederen;;3215.14;;;0;6500;;;;;;9715.14;;;;;;;;
BP2014_2023-5./4.1.2.1/0709-00/2210500/BESTUUR/CBS/IE5/U;4.1.2.1;Uitbreiden en onderhouden van de vrijetijdsinfrastructuur;0709-00;2210500;Gebouwen - culturele gebouwen - gemeenschapsgoederen;IE5;electriciteit/verwarmingsketel buurthuis Korbeek-Lo;;;;5981.03;67000;;;;;;;72981.03;;;;;;;;
BP2014_2023-5./4.1.2.1/0709-00/2300000/BESTUUR/CBS/IE5/U;4.1.2.1;Uitbreiden en onderhouden van de vrijetijdsinfrastructuur;0709-00;2300000;Installaties, machines en uitrusting - gemeenschapsgoederen;IE5;aankopen De Velpe & Buurthuis;;;;8399.82;4;1900;2000;2000;2000;2000;;18303.82;;;;;;;;
BP2014_2023-5./4.1.2.1/0740-00/2400000/BESTUUR/CBS/IE5/U;4.1.2.1;Uitbreiden en onderhouden van de vrijetijdsinfrastructuur;0740-00;2400000;Meubilair - gemeenschapsgoederen;IE5;Overdracht krediet van 2017 naar 2018;;;;3932.5;6993.8;;;;;;;10926.3;;;;;;;;
BP2014_2023-5./4.1.2.2/0701-00/2140007/BESTUUR/CBS/IE5/U;4.1.2.2;Verhogen van het zit- en kijkcomfort in de theaterzaal;0701-00;2140007;Plannen en studies - Activa in aanbouw;IE5;Overdracht krediet van 2017 naar 2018;;;13627.5;45803.31;17639.300000000003;;;;;;;77070.11;;;;;;;;
BP2014_2023-5./4.1.2.2/0701-00/2210500/BESTUUR/CBS/IE5/U;4.1.2.2;Verhogen van het zit- en kijkcomfort in de theaterzaal;0701-00;2210500;Gebouwen - culturele gebouwen - gemeenschapsgoederen;IE5;Overdracht krediet van 2017 naar 2018;;;;870749.38;81000;;;;;;;951749.38;;8324.1600000000035;-8250.64;;;;;
BP2014_2023-5./4.1.2.3/0709-00/6640000/BESTUUR/CBS/IE5/U;4.1.2.3;Voorzien van een toelage voor niet-gemeentelijke culturele infrastructuur;0709-00;6640000;Toegestane investeringssubsidies;IE5;Overdracht krediet van 2017 naar 2018;38000;;;30508.95;20491.05;;;;;;;89000;;;;;;;;
BP2014_2023-5./4.2.1.6/0750-00/6640000/BESTUUR/CBS/IE6/U;4.2.1.6;Onderhouden en werken aan het patrimonium voor jeugdwerkinitiatieven;0750-00;6640000;Toegestane investeringssubsidies;IE6;Toegestane investeringssubsidies;44538.55;119654.94;;-60445.88;4000;96252.39;200000;;;;;404000;;;;;;;;
BP2014_2023-5./4.2.2.1/0701-00/2400000/BESTUUR/CBS/IE6/U;4.2.2.1;Uitbouwen van een integrale gemeentelijke uitleendienst;0701-00;2400000;Meubilair - gemeenschapsgoederen;IE6;aankopen materiaal uitleendienst;3036.72;;;;1600;3000;3000;3000;3000;3000;;19636.72;;;;;;;;
BP2014_2023-5./4.3.1.2/0729-00/2250000/BESTUUR/CBS/IE6/U;4.3.1.2;Plaatsen en onderhouden van informatieborden bij monumenten;0729-00;2250000;Overige infrastructuur betreffende de wegen;IE6;Overige infrastructuur betreffende de wegen;;;;;4500;;;;;;;4500;;;;;;;;
BP2014_2023-5./4.3.3.1/0720-03/2140000/BESTUUR/CBS/IE6/U;4.3.3.1;Restaureren en renoveren van de pastorie van Bierbeek;0720-03;2140000;Plannen en studies;IE6;Plannen en studies;;3993;;;;;;;0;;;3993;;;;;;;;
BP2014_2023-5./4.3.3.2/0720-03/2140000/BESTUUR/CBS/IE6/U;4.3.3.2;Vernieuwen van het dak van de Sint-Hilariuskerk;0720-03;2140000;Plannen en studies;IE6;Plannen en studies;16118.77;;;15516.62;0;12691.31;12691.31;;;;;57018.009999999995;;;;;;;;
BP2014_2023-5./4.3.3.2/0720-03/2210700/BESTUUR/CBS/IE6/U;4.3.3.2;Vernieuwen van het dak van de Sint-Hilariuskerk;0720-03;2210700;Gebouwen - erediensten - gemeenschapsgoederen;IE6;restauratie Sint-hilariuskerk dak;;;;;0;349010.79;349010.79;;;;;698021.58;;;;;;;;
BP2014_2023-5./4.3.3.4/0720-01/6640000/BESTUUR/CBS/IE6/U;4.3.3.4;Ondersteunen van andere investeringsprojecten uit de meerjarenplannen van de kerkfabrieken;0720-01;6640000;Toegestane investeringssubsidies;IE6;Toegestane investeringssubsidies;2377.65;9999.9500000000007;;;50000;;;;;;;62377.599999999999;;;;;;;;
BP2014_2023-5./4.3.3.4/0720-02/6640000/BESTUUR/CBS/IE6/U;4.3.3.4;Ondersteunen van andere investeringsprojecten uit de meerjarenplannen van de kerkfabrieken;0720-02;6640000;Toegestane investeringssubsidies;IE6;Toegestane investeringssubsidies;;;;31255.48;85953.739999999991;49369.36;22868.83;;;;;189447.40999999997;;eigenlijk is 156.277,42 euro in totaal genoeg volgens excel 'berekening restauratiepremie Heilig Kruis.xlsx' in map O:\Gemeente\Financien\documenten\budgetten\erediensten;;;;;;
BP2014_2023-5./4.3.3.4/0720-03/6640000/BESTUUR/CBS/IE6/U;4.3.3.4;Ondersteunen van andere investeringsprojecten uit de meerjarenplannen van de kerkfabrieken;0720-03;6640000;Toegestane investeringssubsidies;IE6;Toegestane investeringssubsidies;5000;15000;;51423.63;21723.530000000002;10000;11852.84;;;;;115000;;21723.53;0;;;;;
BP2014_2023-5./4.3.3.4/0720-04/6640000/BESTUUR/CBS/IE6/U;4.3.3.4;Ondersteunen van andere investeringsprojecten uit de meerjarenplannen van de kerkfabrieken;0720-04;6640000;Toegestane investeringssubsidies;IE6;Overdracht krediet van 2017 naar 2018;4000.43;36305.72;;;0;8000;;;;;;48306.15;;;;;;;;
BP2014_2023-5./5.1.1.3/0800-02/2410000/BESTUUR/CBS/IE6/U;5.1.1.3;Stapsgewijs uitbreiden van het aanbod aan smartboards in de klassen;0800-02;2410000;Informaticamaterieel - gemeenschapsgoederen;IE6;Overdracht krediet van 2015 naar 2016;;11289.14;;10210.85;0;;6000;6000;6000;6000;;45499.99;;;;;;;;
BP2014_2023-5./5.1.3.2/0800-01/2210200/BESTUUR/CBS/IE6/U;5.1.3.2;Inrichten van een mogelijke alternatieve locatie voor de kleutervestiging Centrum;0800-01;2210200;Gebouwen - schoolgebouwen - gemeenschapsgoederen;IE6;Overdracht krediet van 2017 naar 2018;;;;415267.26;0;;;;;;;415267.26;;;;;;;;
BP2014_2023-5./5.1.3.3/0800-02/2210200/BESTUUR/CBS/IE6/U;5.1.3.3;Voorzien van extra sanitair in de schoolgebouwen;0800-02;2210200;Gebouwen - schoolgebouwen - gemeenschapsgoederen;IE6;Extra sanitair;;;;;10726.73;;;;;;;10726.73;;;;;;;;
BP2014_2023-5./5.1.3.4/0800-01/2140000/BESTUUR/CBS/IE6/U;5.1.3.4;Verfraaien en renoveren van de schoolgebouwen;0800-01;2140000;Plannen en studies;IE6;Plannen en studies;;;;;;10000;;;10000;;;20000;;;;;;;;
BP2014_2023-5./5.1.3.4/0800-01/2210200/BESTUUR/CBS/IE6/U;5.1.3.4;Verfraaien en renoveren van de schoolgebouwen;0800-01;2210200;Gebouwen - schoolgebouwen - gemeenschapsgoederen;IE6;Gebouwen - schoolgebouwen - gemeenschapsgoederen;19053.080000000002;;;;12000;19000;;;200000;;;250053.08000000002;;;;;;;;
BP2014_2023-5./5.1.3.4/0800-02/2140000/BESTUUR/CBS/IE6/U;5.1.3.4;Verfraaien en renoveren van de schoolgebouwen;0800-02;2140000;Plannen en studies;IE6;Plannen en studies;;;;;0;10000;;;55000;;;65000;;;;;;;;
BP2014_2023-5./5.1.3.4/0800-02/2210200/BESTUUR/CBS/IE6/U;5.1.3.4;Verfraaien en renoveren van de schoolgebouwen;0800-02;2210200;Gebouwen - schoolgebouwen - gemeenschapsgoederen;IE6;Gebouwen - schoolgebouwen - gemeenschapsgoederen;13931.96;;104900.65;;0;0;;;650000;;;768832.61;;;;;;;;
BP2014_2023-5./5.1.3.5/0800-01/2400000/BESTUUR/CBS/IE6/U;5.1.3.5;Herinrichten en/of uitbreiden en onderhouden van de speelterreinen;0800-01;2400000;Meubilair - gemeenschapsgoederen;IE6;Meubilair - gemeenschapsgoederen;;;;8270.1200000000008;;;;;;;;8270.1200000000008;;;;;;;;
BP2014_2023-5./5.1.3.5/0800-02/2400000/BESTUUR/CBS/IE6/U;5.1.3.5;Herinrichten en/of uitbreiden en onderhouden van de speelterreinen;0800-02;2400000;Meubilair - gemeenschapsgoederen;IE6;aankoop van speeltoestellen (school);;;;7465.92;0;7500;7500;;7500;;;29965.919999999998;;;;;;;;
BP2014_2023-5./5.1.3.6/0800-01/2400000/BESTUUR/CBS/IE6/U;5.1.3.6;Vervangen van het klas- en reftermeubilair (kleutervestiging Lovenjoel, refter hoofdschool);0800-01;2400000;Meubilair - gemeenschapsgoederen;IE6;Meubilair - gemeenschapsgoederen;;;;11040.78;8000;;;10000;;;;29040.78;;-8.0000000889413059E-4;1.3519999920390546E-3;3.6331199953565374E-3;;;;
BP2014_2023-5./5.1.3.6/0800-02/2400000/BESTUUR/CBS/IE6/U;5.1.3.6;Vervangen van het klas- en reftermeubilair (kleutervestiging Lovenjoel, refter hoofdschool);0800-02;2400000;Meubilair - gemeenschapsgoederen;IE6;Meubilair - gemeenschapsgoederen;;;;15183.46;0;;;;;;;15183.46;;86258.369200000001;91433.871352000002;96919.903633120004;102735.0978511072;;;
BP2014_2023-5./6.1.1.1/0410-00/6640000/BESTUUR/CBS/IE6/U;6.1.1.1;Voorzien van een bijdrage voor de brandweerzone;0410-00;6640000;Toegestane investeringssubsidies;IE6;Toegestane investeringssubsidies;;50023.63;60177.42;-5194.03;130813.00000000001;81375.819999999992;86258.37000000001;91433.87000000001;96919.900000000009;102735.0978511072;;694543.07785110723;;1.0600000098309303;1.0599999744952286;1.0599999759388945;;;;
BP2014_2023-5./6.1.2.4/0490-00/2410000/BESTUUR/CBS/IE6/U;6.1.2.4;Voorbereiden van verschillende locaties als mogelijk crisiscentrum;0490-00;2410000;Informaticamaterieel - gemeenschapsgoederen;IE6;Informaticamaterieel - gemeenschapsgoederen;;;41282.44;;;;;;;;;41282.44;;130813;0;;;;;
BP2014_2023-5./GBB-CBS/0030-00/2811000/BESTUUR/CBS/IE7/U;GBB-CBS;Gelijkblijvend beleid CBS;0030-00;2811000;Belang. in intergem. samenwerk. en soortg. ent. - te storten (-);IE7;Belang. in intergem. samenwerk. en soortg. ent. - te storten (-);;;0;;25;;;;;;;25;;;;;;;;
BP2014_2023-5./GBB-CBS/0050-00/2610000/BESTUUR/CBS/IE7/U;GBB-CBS;Gelijkblijvend beleid CBS;0050-00;2610000;Gebouwen - overige MVA;IE7;Gebouwen - overige MVA;;;18186.47;;;;;;;;;18186.47;;;;;;;;
BP2014_2023-5./GBB-CBS/0110-00/2420000/BESTUUR/CBS/IE6/U;GBB-CBS;Gelijkblijvend beleid CBS;0110-00;2420000;Kantooruitrusting - gemeenschapsgoederen;IE6;Overdracht krediet van 2017 naar 2018;;;;3858.69;0;;;;;;;3858.69;;;;;;;;
BP2014_2023-5./GBB-CBS/0119-00/2400000/BESTUUR/CBS/IE6/U;GBB-CBS;Gelijkblijvend beleid CBS;0119-00;2400000;Meubilair - gemeenschapsgoederen;IE6;kleine investeringen in meubilair en uitrusting;384.78;;;;2500;5000;5000;5000;;;;17884.78;;;;;;;;
BP2014_2023-5./GBB-CBS/0119-00/2420000/BESTUUR/CBS/IE6/U;GBB-CBS;Gelijkblijvend beleid CBS;0119-00;2420000;Kantooruitrusting - gemeenschapsgoederen;IE6;Overdracht krediet van 2016 naar 2017;;;4272.51;3137.06;3419.5000000000009;6500;;;;;;17329.07;;;;;;;;
BP2014_2023-5./GBB-CBS/0119-00/2751000/BESTUUR/CBS/IE6/U;GBB-CBS;Gelijkblijvend beleid CBS;0119-00;2751000;Kunstwerken;IE6;Kunstwerken;;;;2805.99;0;;;;;;;2805.99;;;;;;;;
BP2014_2023-5./GBB-CBS/0190-00/2841000/BESTUUR/CBS/IE6/U;GBB-CBS;Gelijkblijvend beleid CBS;0190-00;2841000;Andere aandelen - nog te storten bedragen (-);IE6;Andere aandelen - nog te storten bedragen (-);;;;25808.7;;;;;;;;25808.7;;;;;;;;
BP2014_2023-5./GBB-CBS/0200-00/2140007/BESTUUR/CBS/IE6/U;GBB-CBS;Gelijkblijvend beleid CBS;0200-00;2140007;Plannen en studies - Activa in aanbouw;IE6;Overdracht krediet van 2015 naar 2016;65730.59;2971.97;12847.99;27909.34;50000;50000;200620.86;;;;;410080.75;;;;;;;;
BP2014_2023-5./GBB-CBS/0200-00/2210100/BESTUUR/CBS/IE6/U;GBB-CBS;Gelijkblijvend beleid CBS;0200-00;2210100;Gebouwen - administratieve gebouwen - gemeenschapsgoederen;IE6;Gebouwen - administratieve gebouwen - gemeenschapsgoederen;;6622.82;;;57000;45000;;;;;;108622.82;;;;;;;;
BP2014_2023-5./GBB-CBS/0200-00/2250000/BESTUUR/CBS/IE6/U;GBB-CBS;Gelijkblijvend beleid CBS;0200-00;2250000;Overige infrastructuur betreffende de wegen;IE6;Aankoop straatmeubilair;1377.19;9298.89;;2473.2399999999998;2500;25000;5000;5000;5000;5000;;60649.32;;;;;;;;
BP2014_2023-5./GBB-CBS/0200-00/2300000/BESTUUR/CBS/IE6/U;GBB-CBS;Gelijkblijvend beleid CBS;0200-00;2300000;Installaties, machines en uitrusting - gemeenschapsgoederen;IE6;diversen;1789.59;3937.34;;1536.96;132230;195000;20000;15000;6500;6500;;382493.89;;;;;;;;
BP2014_2023-5./GBB-CBS/0200-00/2410000/BESTUUR/CBS/IE6/U;GBB-CBS;Gelijkblijvend beleid CBS;0200-00;2410000;Informaticamaterieel - gemeenschapsgoederen;IE6;Informaticamaterieel - gemeenschapsgoederen;;;;;3000;8500;;;;;;11500;;;;;;;;
BP2014_2023-5./GBB-CBS/0200-00/2430000/BESTUUR/CBS/IE6/U;GBB-CBS;Gelijkblijvend beleid CBS;0200-00;2430000;Rollend materieel - gemeenschapsgoederen;IE6;vervanging gesloten camionette 1 DMU 095;;;185013.84;65787.7;91000;;250000;40000;;175000;;806801.54;;;;;;;;
BP2014_2023-5./GBB-CBS/0309-00/2410000/BESTUUR/CBS/IE6/U;GBB-CBS;Gelijkblijvend beleid CBS;0309-00;2410000;Informaticamaterieel - gemeenschapsgoederen;IE6;Informaticamaterieel - gemeenschapsgoederen;;;;;2000;;;;;;;2000;;;;;;;;
BP2014_2023-5./GBB-CBS/0310-00/2140007/BESTUUR/CBS/IE6/U;GBB-CBS;Gelijkblijvend beleid CBS;0310-00;2140007;Plannen en studies - Activa in aanbouw;IE6;Plannen en studies - Activa in aanbouw;9703.4599999999991;12427;2053.86;;;;;;;;;24184.32;;;;;;;;
BP2014_2023-5./GBB-CBS/0319-00/2240007/BESTUUR/CBS/IE6/U;GBB-CBS;Gelijkblijvend beleid CBS;0319-00;2240007;Wegen - Activa in aanbouw;IE6;Wegen - Activa in aanbouw;;;;77096.77;147787.09;;;;;;;224883.86;;;;;;;;
BP2014_2023-5./GBB-CBS/0341-00/2140007/BESTUUR/CBS/IE6/U;GBB-CBS;Gelijkblijvend beleid CBS;0341-00;2140007;Plannen en studies - Activa in aanbouw;IE6;Overdracht krediet van 2015 naar 2016;16303;2244;5916;1346;7655;5000;;;;;;38464;;;;;;;;
BP2014_2023-5./GBB-CBS/0490-00/2300000/BESTUUR/CBS/IE6/U;GBB-CBS;Gelijkblijvend beleid CBS;0490-00;2300000;Installaties, machines en uitrusting - gemeenschapsgoederen;IE6;Installaties, machines en uitrusting - gemeenschapsgoederen;;;;;0;75000;;;;;;75000;;;;;;;;
BP2014_2023-5./GBB-CBS/0610-00/2200100/BESTUUR/CBS/IE6/U;GBB-CBS;Gelijkblijvend beleid CBS;0610-00;2200100;Onbebouwde terreinen - landbouwgronden - gemeenschapsgoederen;IE6;Onbebouwde terreinen - landbouwgronden - gemeenschapsgoederen;;;180072.67;2270.7600000000002;0;25000;;;;;;207343.43000000002;;;;;;;;
BP2014_2023-5./GBB-CBS/0610-00/2200200/BESTUUR/CBS/IE6/U;GBB-CBS;Gelijkblijvend beleid CBS;0610-00;2200200;Onbebouwde terreinen -  niet bebouwde bouwgronden - gemeenschapsgoederen;IE6;Onbebouwde terreinen -  niet bebouwde bouwgronden - gemeenschapsgoederen;;;;;0;275000;;;;;;275000;;;;;;;;
BP2014_2023-5./GBB-CBS/0610-00/2200300/BESTUUR/CBS/IE6/U;GBB-CBS;Gelijkblijvend beleid CBS;0610-00;2200300;Onbebouwde terreinen - industrieterreinen - gemeenschapsgoederen;IE6;Onbebouwde terreinen - industrieterreinen - gemeenschapsgoederen;;;;;0;250000;;;;;;250000;;;;;;;;
BP2014_2023-5./GBB-CBS/0670-00/2289000/BESTUUR/CBS/IE6/U;GBB-CBS;Gelijkblijvend beleid CBS;0670-00;2289000;Overige onroerende infrastructuur;IE6;Overige onroerende infrastructuur;;;;;154000;211000;200000;200000;200000;200000;;1165000;;153;;;;;;
BP2014_2023-5./GBB-CBS/0680-00/2300000/BESTUUR/CBS/IE6/U;GBB-CBS;Gelijkblijvend beleid CBS;0680-00;2300000;Installaties, machines en uitrusting - gemeenschapsgoederen;IE6;Overdracht krediet van 2017 naar 2018;;898.2;;;2500;17400;6500;6500;6500;6500;;46798.2;;;;;;;;
BP2014_2023-5./GBB-CBS/0680-00/2430000/BESTUUR/CBS/IE6/U;GBB-CBS;Gelijkblijvend beleid CBS;0680-00;2430000;Rollend materieel - gemeenschapsgoederen;IE6;vervanging auto Fiat Ducato LAK-202;;;;;17324.3;51000;;;150000;;;218324.3;;;;;;;;
BP2014_2023-5./GBB-CBS/0701-00/2210500/BESTUUR/CBS/IE6/U;GBB-CBS;Gelijkblijvend beleid CBS;0701-00;2210500;Gebouwen - culturele gebouwen - gemeenschapsgoederen;IE6;Gebouwen - culturele gebouwen - gemeenschapsgoederen;;15317.47;;;190000;286000;0;500000;50000;;;1041317.47;;186071.51;;;;;;
BP2014_2023-5./GBB-CBS/0701-00/2400000/BESTUUR/CBS/IE6/U;GBB-CBS;Gelijkblijvend beleid CBS;0701-00;2400000;Meubilair - gemeenschapsgoederen;IE6;Overdracht krediet van 2017 naar 2018;;;2128.67;;8037.44;18500;25000;16000;0;;;69666.11;;;;;;;;
BP2014_2023-5./GBB-CBS/0701-00/2410000/BESTUUR/CBS/IE6/U;GBB-CBS;Gelijkblijvend beleid CBS;0701-00;2410000;Informaticamaterieel - gemeenschapsgoederen;IE6;Overdracht krediet van 2015 naar 2016;4126.12;21768.82;;;23934.54;;;;;;;49829.479999999996;;;;;;;;
BP2014_2023-5./GBB-CBS/0703-00/2400000/BESTUUR/CBS/IE6/U;GBB-CBS;Gelijkblijvend beleid CBS;0703-00;2400000;Meubilair - gemeenschapsgoederen;IE6;Meubilair - gemeenschapsgoederen;5100.21;384.78;;;;2500;;;;;;7984.99;;;;;;;;
BP2014_2023-5./GBB-CBS/0703-00/2410000/BESTUUR/CBS/IE6/U;GBB-CBS;Gelijkblijvend beleid CBS;0703-00;2410000;Informaticamaterieel - gemeenschapsgoederen;IE6;Overdracht krediet van 2015 naar 2016;369;;1344.79;;4000;;;;;;;5713.79;;;;;;;;
BP2014_2023-5./GBB-CBS/0709-00/2210500/BESTUUR/CBS/IE6/U;GBB-CBS;Gelijkblijvend beleid CBS;0709-00;2210500;Gebouwen - culturele gebouwen - gemeenschapsgoederen;IE6;Gebouwen - culturele gebouwen - gemeenschapsgoederen;807.07;;;;0;;;;0;0;;807.07;;;;;;;;
BP2014_2023-5./GBB-CBS/0709-00/2300000/BESTUUR/CBS/IE6/U;GBB-CBS;Gelijkblijvend beleid CBS;0709-00;2300000;Installaties, machines en uitrusting - gemeenschapsgoederen;IE6;Overdracht krediet van 2015 naar 2016;;;;2325.62;8574.4699999999993;;;;;;;10900.09;;;;;;;;
BP2014_2023-5./GBB-CBS/0709-00/2410000/BESTUUR/CBS/IE6/U;GBB-CBS;Gelijkblijvend beleid CBS;0709-00;2410000;Informaticamaterieel - gemeenschapsgoederen;IE6;Informaticamaterieel - gemeenschapsgoederen;;;;;0;3000;;;;;;3000;;;;;;;;
BP2014_2023-5./GBB-CBS/0729-00/2210800/BESTUUR/CBS/IE6/U;GBB-CBS;Gelijkblijvend beleid CBS;0729-00;2210800;Gebouwen - andere gebouwen - gemeenschapsgoederen;IE6;Gebouwen - andere gebouwen - gemeenschapsgoederen;;;;;0;40000;14000;250000;;;;304000;;;;;;;;
BP2014_2023-5./GBB-CBS/0729-00/6640000/BESTUUR/CBS/IE6/U;GBB-CBS;Gelijkblijvend beleid CBS;0729-00;6640000;Toegestane investeringssubsidies;IE6;Toegestane investeringssubsidies;81136.100000000006;;;102287.15;;;;;;;;183423.25;;;;;;;;
BP2014_2023-5./GBB-CBS/0740-00/2200500/BESTUUR/CBS/IE6/U;GBB-CBS;Gelijkblijvend beleid CBS;0740-00;2200500;Onbebouwde terreinen - sport- en speelpleinen - gemeenschapsgoederen;IE6;Onbebouwde terreinen - sport- en speelpleinen - gemeenschapsgoederen;;;135451.07;;0;65000;;;;;;200451.07;;;;;;;;
BP2014_2023-5./GBB-CBS/0740-00/2210400/BESTUUR/CBS/IE6/U;GBB-CBS;Gelijkblijvend beleid CBS;0740-00;2210400;Gebouwen - sportgebouwen en jeugdgebouwen - gemeenschapsgoederen;IE6;Gebouwen - sportgebouwen en jeugdgebouwen - gemeenschapsgoederen;;;;;0;53300;385000;0;;;;438300;;;;;;;;
BP2014_2023-5./GBB-CBS/0740-00/2300000/BESTUUR/CBS/IE6/U;GBB-CBS;Gelijkblijvend beleid CBS;0740-00;2300000;Installaties, machines en uitrusting - gemeenschapsgoederen;IE6;Installaties, machines en uitrusting - gemeenschapsgoederen;;;;;0;7000;6000;;;;;13000;;;;;;;;
BP2014_2023-5./GBB-CBS/0740-00/2400000/BESTUUR/CBS/IE6/U;GBB-CBS;Gelijkblijvend beleid CBS;0740-00;2400000;Meubilair - gemeenschapsgoederen;IE6;aankoop lockers/vervangen judomatten;;;;;6152.41;;4000;;;;;10152.41;;;;;;;;
BP2014_2023-5./GBB-CBS/0740-00/2430000/BESTUUR/CBS/IE6/U;GBB-CBS;Gelijkblijvend beleid CBS;0740-00;2430000;Rollend materieel - gemeenschapsgoederen;IE6;Rollend materieel - gemeenschapsgoederen;;;6065.73;;;;;;;;;6065.73;;;;;;;;
BP2014_2023-5./GBB-CBS/0740-00/2500000/BESTUUR/CBS/IE6/U;GBB-CBS;Gelijkblijvend beleid CBS;0740-00;2500000;Terreinen en gebouwen in leasing of via soortg recht - gemeenschapsgoederen;IE6;Terreinen en gebouwen in leasing of via soortg recht - gemeenschapsgoederen;;;366346.53;;;;;;;;;366346.53;;;;;;;;
BP2014_2023-5./GBB-CBS/0750-00/2300000/BESTUUR/CBS/IE6/U;GBB-CBS;Gelijkblijvend beleid CBS;0750-00;2300000;Installaties, machines en uitrusting - gemeenschapsgoederen;IE6;Installaties, machines en uitrusting - gemeenschapsgoederen;;;1333.42;;;;;;;;;1333.42;;;;;;;;
BP2014_2023-5./GBB-CBS/0750-00/6640000/BESTUUR/CBS/IE6/U;GBB-CBS;Gelijkblijvend beleid CBS;0750-00;6640000;Toegestane investeringssubsidies;IE6;Investeringstoelage Speelplein/toestellen Ave Regina;;;;;0;10000;;;;;;10000;;;;;;;;
BP2014_2023-5./GBB-CBS/0800-00/2410000/BESTUUR/CBS/IE6/U;GBB-CBS;Gelijkblijvend beleid CBS;0800-00;2410000;Informaticamaterieel - gemeenschapsgoederen;IE6;Informaticamaterieel - gemeenschapsgoederen;;;;;103000;6500;;;;;;109500;;;;;;;;
BP2014_2023-5./GBB-CBS/0800-00/2430000/BESTUUR/CBS/IE6/U;GBB-CBS;Gelijkblijvend beleid CBS;0800-00;2430000;Rollend materieel - gemeenschapsgoederen;IE6;Rollend materieel - gemeenschapsgoederen;;;;;0;210000;;0;;;;210000;;;;;;;;
BP2014_2023-5./GBB-CBS/0800-01/2250000/BESTUUR/CBS/IE6/U;GBB-CBS;Gelijkblijvend beleid CBS;0800-01;2250000;Overige infrastructuur betreffende de wegen;IE6;Dr Mobi kleuterscholen;;;;;8000;;;;;;;8000;;;;;;;;
BP2014_2023-5./GBB-CBS/0800-01/2300000/BESTUUR/CBS/IE6/U;GBB-CBS;Gelijkblijvend beleid CBS;0800-01;2300000;Installaties, machines en uitrusting - gemeenschapsgoederen;IE6;Overdracht krediet van 2017 naar 2018;;;;2853.81;180.2;;;;;;ok;3034.0099999999998;;;;;;;;
BP2014_2023-5./GBB-CBS/0800-02/2250000/BESTUUR/CBS/IE6/U;GBB-CBS;Gelijkblijvend beleid CBS;0800-02;2250000;Overige infrastructuur betreffende de wegen;IE6;Dr Mobi lagere school;;;;;4500;;;;;;;4500;;;;;;;;
BP2014_2023-5./GBB-CBS/0800-02/2410000/BESTUUR/CBS/IE6/U;GBB-CBS;Gelijkblijvend beleid CBS;0800-02;2410000;Informaticamaterieel - gemeenschapsgoederen;IE6;Overdracht krediet van 2015 naar 2016;;;;0;36500;46000;;;;;;82500;;;;;;;;
BP2014_2023-5./GBB-CBS/0872-00/2300000/BESTUUR/CBS/IE6/U;GBB-CBS;Gelijkblijvend beleid CBS;0872-00;2300000;Installaties, machines en uitrusting - gemeenschapsgoederen;IE6;Piano muziekacademie De Vonk in Bierbeek;;;;;2690;;;;;;;2690;;;;;;;;
BP2014_2023-5./GBB-CBS/0900-00/2140000/BESTUUR/CBS/IE6/U;GBB-CBS;Gelijkblijvend beleid CBS;0900-00;2140000;Plannen en studies;IE6;Plannen en studies;;;;;0;3000;;;;;;3000;;;;;;;;
BP2014_2023-5./GBB-CBS/0900-00/2210107/BESTUUR/CBS/IE6/U;GBB-CBS;Gelijkblijvend beleid CBS;0900-00;2210107;Gebouwen - administratieve gebouwen - gemeenschapsgoederen - Activa in aanbouw;IE6;Gebouwen - administratieve gebouwen - gemeenschapsgoederen - Activa in aanbouw;;;;;0;25000;;;;;;25000;;;;;;;;
BP2014_2023-5./GBB-CBS/0990-00/2300000/BESTUUR/CBS/IE6/U;GBB-CBS;Gelijkblijvend beleid CBS;0990-00;2300000;Installaties, machines en uitrusting - gemeenschapsgoederen;IE6;Installaties, machines en uitrusting - gemeenschapsgoederen;;7937.9;;;12500;;8000;;8000;;;36437.9;;;;;;;;
BP2014_2023-5./GBB-CBS/0990-00/2751000/BESTUUR/CBS/IE6/U;GBB-CBS;Gelijkblijvend beleid CBS;0990-00;2751000;Kunstwerken;IE6;Kunstwerken;;;;;0;9000;;;;;;9000;;;;;;;;
BP2014_2023-5./3.4.1.1/0119-00/2210107/BESTUUR/CBS/IE6/U;3.4.1.1;Vervullen van een voorbeeldrol op vlak van energiebesparing;0119-00;2210107;Gebouwen - administratieve gebouwen - gemeenschapsgoederen - Activa in aanbouw;IE6;Gebouwen - administratieve gebouwen - gemeenschapsgoederen - Activa in aanbouw;;134200.81;;;;;;;;;;;;;;;;;;
BP2014_2023-5./3.4.3.1/0309-00/2350000/BESTUUR/CBS/IE6/U;3.4.3.1;Optimaliseren van het gemeentelijk containerpark en de groencompostering in eigen beheer;0309-00;2350000;Installaties, machines en uitrusting - bedrijfsmatige MVA;IE6;;19056.29;;;;;;;;;;;;;;;;;;;
BP2014_2023-5./3.4.3.3/0200-00/2300000/BESTUUR/CBS/IE6/U;3.4.3.3;Reduceren van bestrijdingsmiddelen;0200-00;2300000;Installaties, machines en uitrusting - gemeenschapsgoederen;IE6;;26317.5;;;;;;;;;;;;;;;;;;;
BP2014_2023-5./4.1.2.1/0709-00/2420000/BESTUUR/CBS/IE5/U;4.1.2.1;Uitbreiden en onderhouden van de vrijetijdsinfrastructuur;0709-00;2420000;Kantooruitrusting - gemeenschapsgoederen;IE5;Kantooruitrusting - gemeenschapsgoederen;;6433.7;;;;;;;;;;;;;;;;;;
BP2014_2023-5./4.2.1.4/0701-00/6640000/BESTUUR/CBS/IE6/U;4.2.1.4;Voorzien van een subsidie van de socio-culturele verenigingen;0701-00;6640000;Toegestane investeringssubsidies;IE6;Toegestane investeringssubsidies;;2000;;;;;;;;;;;;;;;;;;
BP2014_2023-5./GBB-CBS/0119-00/2210800/BESTUUR/CBS/IE6/U;GBB-CBS;Gelijkblijvend beleid CBS;0119-00;2210800;Gebouwen - andere gebouwen - gemeenschapsgoederen;IE6;plaatsen verwarming stockagelokalen loods;484;;;;;;;;;;;;;;;;;;;
BP2014_2023-5./GBB-CBS/0200-00/2240007/BESTUUR/CBS/IE6/U;GBB-CBS;Gelijkblijvend beleid CBS;0200-00;2240007;Wegen - Activa in aanbouw;IE6;Wegen - Activa in aanbouw;565194.43000000005;31781.73;;;;;;;;;;;;;;;;;;
BP2014_2023-5./GBB-CBS/0309-00/2300000/BESTUUR/CBS/IE6/U;GBB-CBS;Gelijkblijvend beleid CBS;0309-00;2300000;Installaties, machines en uitrusting - gemeenschapsgoederen;IE6;Installaties, machines en uitrusting - gemeenschapsgoederen;;2538.58;;;;;;;;;;;;;;;;;;
BP2014_2023-5./GBB-CBS/0310-00/2100007/BESTUUR/CBS/IE6/U;GBB-CBS;Gelijkblijvend beleid CBS;0310-00;2100007;Kosten van onderzoek en ontwikkeling - Activa in aanbouw;IE6;;27538.799999999999;;;;;;;;;;;;;;;;;;;
BP2014_2023-5./GBB-CBS/0310-00/2280007/BESTUUR/CBS/IE6/U;GBB-CBS;Gelijkblijvend beleid CBS;0310-00;2280007;Riolering - Activa in aanbouw;IE6;;17515.89;;;;;;;;;;;;;;;;;;;
BP2014_2023-5./GBB-CBS/0640-00/2811000/BESTUUR/CBS/IE6/U;GBB-CBS;Gelijkblijvend beleid CBS;0640-00;2811000;Belang. in intergem. samenwerk. en soortg. ent. - te storten (-);IE6;Belang. in intergem. samenwerk. en soortg. ent. - te storten (-);1026518.36;237852.57;;;;;;;;;;;;;;;;;;
BP2014_2023-5./GBB-CBS/0650-00/2811000/BESTUUR/CBS/IE6/U;GBB-CBS;Gelijkblijvend beleid CBS;0650-00;2811000;Belang. in intergem. samenwerk. en soortg. ent. - te storten (-);IE6;;275222.24;;;;;;;;;;;;;;;;;;;
BP2014_2023-5./GBB-CBS/0740-00/6640000/BESTUUR/CBS/IE6/U;GBB-CBS;Gelijkblijvend beleid CBS;0740-00;6640000;Toegestane investeringssubsidies;IE6;Toegestane investeringssubsidies;;1200;;;;;;;;;;;;;;;;;;
BP2014_2023-5./GBB-CBS/0800-00/2140007/BESTUUR/CBS/IE6/U;GBB-CBS;Gelijkblijvend beleid CBS;0800-00;2140007;Plannen en studies - Activa in aanbouw;IE6;;3740.87;;;;;;;;;;;;;;;;;;;
BP2014_2023-5./GBB-CBS/0800-00/2400000/BESTUUR/CBS/IE6/U;GBB-CBS;Gelijkblijvend beleid CBS;0800-00;2400000;Meubilair - gemeenschapsgoederen;IE6;Meubilair - gemeenschapsgoederen;384.78;769.56;;;;;;;;;;;;;;;;;;
BP2014_2023-5./GBB-CBS/0701-00/2300000/BESTUUR/CBS/IE6/U;GBB-CBS;Gelijkblijvend beleid CBS;0701-00;2300000;Installaties, machines en uitrusting - gemeenschapsgoederen;IE6;Installaties, machines en uitrusting - gemeenschapsgoederen;;;;;;4500;;;;;;;;;;;;;;
BP2014_2023-5./GBB-CBS/0200-00/2420000/BESTUUR/CBS/IE6/U;GBB-CBS;Gelijkblijvend beleid CBS;0200-00;2420000;Kantooruitrusting - gemeenschapsgoederen;IE6;;;;;;;2000;;;;;;;;;;;;;;
BP2014_2023-5./GBB-CBS/0701-00/2751000/BESTUUR/CBS/IE6/U;GBB-CBS;Gelijkblijvend beleid CBS;0701-00;2751000;Kunstwerken;IE6;;;;;;9000;;;;;;;;;;;;;;;
BP2014_2023-5./3.3.1.8/0680-00/2250000/BESTUUR/CBS/IE6/U;3.3.1.8;Inrichten en aanleggen van het binnengebied in Opvelp;0680-00;2250000;Overige infrastructuur betreffende de wegen;IE6;Aankoop straatmeubilair binnengebied Opvelp;;;;;;4500;;;;;;;;;;;;;;
BP2014_2023-5./GBB-CBS/0300-00/2811000/BESTUUR/CBS/IE6/U;GBB-CBS;Gelijkblijvend beleid CBS;0300-00;2811000;Belang. in intergem. samenwerk. en soortg. ent. - te storten (-);IE6;bijdrage werkingskosten ecowerf - omgezet naar kapitaal;;;;;5011.5;5011.5;5011.5;5011.5;5011.5;5011.5;;;;;;;;;;
BP2014_2023-5./GBB-CBS/0729-00/2410000/BESTUUR/CBS/IE6/U;GBB-CBS;Gelijkblijvend beleid CBS;0729-00;2410000;Informaticamaterieel - gemeenschapsgoederen;IE6;;;;;;;1300;;;;;;;;;;;;;;
BP2014_2023-5./GBB-CBS/0800-01/2410000/BESTUUR/CBS/IE6/U;GBB-CBS;Gelijkblijvend beleid CBS;0800-01;2410000;Informaticamaterieel - gemeenschapsgoederen;IE6;;;;;;1500;9500;;;;;;;;;;;;;;
BP2014_2023-5./GBB-CBS/0729-00/2140007/BESTUUR/CBS/IE6/U;GBB-CBS;Gelijkblijvend beleid CBS;0729-00;2140007;Plannen en studies - Activa in aanbouw;IE6;sk bremtkapel;;;;;;25000;;;;;;;;;;;;;;
BP2014_2023-5./4.1.2.1/0701-00/2140007/BESTUUR/CBS/IE5/U;4.1.2.1;Uitbreiden en onderhouden van de vrijetijdsinfrastructuur;0701-00;2140007;Plannen en studies - Activa in aanbouw;IE5;;;;;;;;;20000;;;;;;;;;;;;
BP2014_2023-5./4.3.3.1/0720-03/2210700/BESTUUR/CBS/IE6/U;4.3.3.1;Restaureren en renoveren van de pastorie van Bierbeek;0720-03;2210700;Gebouwen - erediensten - gemeenschapsgoederen;IE6;;;;;;;65000;;;;;;;;;;;;;;
BP2014_2023-5./GBB-CBS/0119-0/2300000/BESTUUR/CBS/IE6/U;GBB-CBS;Gelijkblijvend beleid CBS;0119-00;2300000;Installaties, machines en uitrusting - gemeenschapsgoederen;IE6;;;;;;;8000;;;;;;;;;;;;;;
BP2014_2023-5./GBB-CBS/0729-00/2400000/BESTUUR/CBS/IE6/U;GBB-CBS;Gelijkblijvend beleid CBS;0729-00;2400000;Meubilair - gemeenschapsgoederen;IE6;;;;;;;;;25000;;;;;;;;;;;;
BP2014_2023-5./GBB-CBS/0500-00/2200900/BESTUUR/CBS/IE6/U;GBB-CBS;Gelijkblijvend beleid CBS;0500-00;2200900;Onbebouwde terreinen - andere terreinen - gemeenschapsgoederen - parkings;IE6;parking Tiensesteenweg;;;;;;200000;;;;;;;;;;;;;;
BP2014_2023-5./GBB-CBS/0610-00/2140000/BESTUUR/CBS/IE6/U;GBB-CBS;Gelijkblijvend beleid CBS;0610-00;2140000;Plannen en studies;IE6;RUP Eikenbemde;;;;;;10000;10000;;;;;;;;;;;;;
BP2014_2023-5./3.3.1.8/0680-00/2250000/BESTUUR/CBS/IE6/U;3.3.1.8;Inrichten en aanleggen van het binnengebied in Opvelp;0680-00;2250000;Overige infrastructuur betreffende de wegen;IE6;picnicbank in Robinia hout Binnengebied Opvelp;;;;;;4500;;;;;;;;;;;;;;
BP2014_2023-5./GBB-CBS/0600-00/2140000/BESTUUR/CBS/IE6/U;GBB-CBS;Gelijkblijvend beleid CBS;0600-00;2140000;Plannen en studies;IE6;Bouwmeesterscan;;;;;;48000;;;;;;;;;;;;;;
;;;;;;;TOTAAL per jaar:;3707206.9;4872710.58;3348749.1399999987;3107777.7000000016;3029452.1616666671;8872393.5040000007;10193602.433999998;2778367.6500000004;1932431.4;987496.59785110725;;;;;;;;;;
;;;;;;;Totalen vorige MJPA (behalve voor budget 2018 : incl. Overdrachten nav rekening 2017):;;;;;9712488.0702999998;8747121.6830000021;3136485.1;1569209.82;1541207.4092000001;0;;;;;;;;;;
;;;;;;;Meeruitgaven per jaar tov vorig MJPA;;;;;-6683035.9086333327;125271.8209999986;7057117.3339999989;1209157.8300000003;391223.9907999998;987496.59785110725;;;;;;;;;;
;;;;;;;;;;;;3077421.84;8957393.4000000004;;;;;;;;;;;;;;
;;;;;;;;;;;;47969.678333332762;84999.895999999717;;;;;;;;;;;;;;
;;;;;;;;;;;;;;;;150000;;;;;;;;;;;
;;;;;;;studieopdr. Sint Hilariuskerk gevels;;;;;;;;;;;;;;;;;;;;
;;;;;;;--> pas na 2022;;;;;;;;;;;;;;;;;;;;
